{"computers":[{"ObjectIdentifier": "S-1-5-21-2037236562-2033616742-1485113978-1547", "AllowedToAct": [], "PrimaryGroupSid": "S-1-5-21-2037236562-2033616742-1485113978-516", "LocalAdmins": [], "PSRemoteUsers": [], "Properties": {"name": "SHARE30.ELFU.LOCAL", "objectid": "S-1-5-21-2037236562-2033616742-1485113978-1547", "domain": "ELFU.LOCAL", "highvalue": false, "distinguishedname": "CN=SHARE30,OU=Domain Controllers,DC=elfu,DC=local", "unconstraineddelegation": true, "enabled": true, "haslaps": false, "lastlogontimestamp": 1640074007, "pwdlastset": 1635535788, "serviceprincipalnames": ["E3514235-4B06-11D1-AB04-00C04FC2DCD2/60e98902-d073-40ee-92f0-4de6d2bf8ac8/elfu.local", "GC/share30.elfu.local/elfu.local", "HOST/share30.elfu.local", "HOST/SHARE30"], "description": null, "operatingsystem": null}, "RemoteDesktopUsers": [], "DcomUsers": [], "AllowedToDelegate": [], "Sessions": [], "Aces": [{"RightName": "Owner", "AceType": "", "IsInherited": false, "PrincipalSID": "S-1-5-21-2037236562-2033616742-1485113978-512", "PrincipalType": "Group"}, {"RightName": "GenericAll", "AceType": "", "IsInherited": false, "PrincipalSID": "S-1-5-21-2037236562-2033616742-1485113978-512", "PrincipalType": "Group"}, {"RightName": "GenericAll", "AceType": "", "IsInherited": false, "PrincipalSID": "ELFU.LOCAL-S-1-5-32-548", "PrincipalType": "Group"}, {"RightName": "WriteProperty", "AceType": "AllowedToAct", "IsInherited": true, "PrincipalSID": "ELFU.LOCAL-S-1-5-10", "PrincipalType": "User"}, {"RightName": "GenericAll", "AceType": "", "IsInherited": true, "PrincipalSID": "S-1-5-21-2037236562-2033616742-1485113978-519", "PrincipalType": "Group"}, {"RightName": "GenericWrite", "AceType": "", "IsInherited": true, "PrincipalSID": "ELFU.LOCAL-S-1-5-32-544", "PrincipalType": "Group"}, {"RightName": "WriteOwner", "AceType": "", "IsInherited": true, "PrincipalSID": "ELFU.LOCAL-S-1-5-32-544", "PrincipalType": "Group"}, {"RightName": "WriteDacl", "AceType": "", "IsInherited": true, "PrincipalSID": "ELFU.LOCAL-S-1-5-32-544", "PrincipalType": "Group"}]},{"ObjectIdentifier": "S-1-5-21-2037236562-2033616742-1485113978-1001", "AllowedToAct": [], "PrimaryGroupSid": "S-1-5-21-2037236562-2033616742-1485113978-516", "LocalAdmins": [{"MemberId": "S-1-5-21-2037236562-2033616742-1485113978-519", "MemberType": "Group"}, {"MemberId": "S-1-5-21-2037236562-2033616742-1485113978-512", "MemberType": "Group"}, {"MemberId": "S-1-5-21-2037236562-2033616742-1485113978-500", "MemberType": "User"}, {"MemberId": "S-1-5-21-2037236562-2033616742-1485113978-1000", "MemberType": "User"}], "PSRemoteUsers": [{"MemberId": "S-1-5-21-2037236562-2033616742-1485113978-1106", "MemberType": "User"}], "Properties": {"name": "DC01.ELFU.LOCAL", "objectid": "S-1-5-21-2037236562-2033616742-1485113978-1001", "domain": "ELFU.LOCAL", "highvalue": false, "distinguishedname": "CN=DC01,OU=Domain Controllers,DC=elfu,DC=local", "unconstraineddelegation": true, "enabled": true, "haslaps": false, "lastlogontimestamp": 1640073750, "pwdlastset": 1638165472, "serviceprincipalnames": ["Dfsr-12F9A27C-BF97-4787-9364-D31B6C55EB04/DC01.elfu.local", "ldap/DC01.elfu.local/ForestDnsZones.elfu.local", "ldap/DC01.elfu.local/DomainDnsZones.elfu.local", "TERMSRV/DC01", "TERMSRV/DC01.elfu.local", "DNS/DC01.elfu.local", "GC/DC01.elfu.local/elfu.local", "RestrictedKrbHost/DC01.elfu.local", "RestrictedKrbHost/DC01", "RPC/c1a91a89-5fae-44fe-be3c-2b5af4878734._msdcs.elfu.local", "HOST/DC01/ELFU", "HOST/DC01.elfu.local/ELFU", "HOST/DC01", "HOST/DC01.elfu.local", "HOST/DC01.elfu.local/elfu.local", "E3514235-4B06-11D1-AB04-00C04FC2DCD2/c1a91a89-5fae-44fe-be3c-2b5af4878734/elfu.local", "ldap/DC01/ELFU", "ldap/c1a91a89-5fae-44fe-be3c-2b5af4878734._msdcs.elfu.local", "ldap/DC01.elfu.local/ELFU", "ldap/DC01", "ldap/DC01.elfu.local", "ldap/DC01.elfu.local/elfu.local"], "description": null, "operatingsystem": "Windows Server 2019 Datacenter"}, "RemoteDesktopUsers": [], "DcomUsers": [], "AllowedToDelegate": [], "Sessions": [], "Aces": [{"RightName": "Owner", "AceType": "", "IsInherited": false, "PrincipalSID": "S-1-5-21-2037236562-2033616742-1485113978-512", "PrincipalType": "Group"}, {"RightName": "GenericAll", "AceType": "", "IsInherited": false, "PrincipalSID": "S-1-5-21-2037236562-2033616742-1485113978-512", "PrincipalType": "Group"}, {"RightName": "WriteProperty", "AceType": "AllowedToAct", "IsInherited": true, "PrincipalSID": "ELFU.LOCAL-S-1-5-10", "PrincipalType": "User"}, {"RightName": "GenericAll", "AceType": "", "IsInherited": true, "PrincipalSID": "S-1-5-21-2037236562-2033616742-1485113978-519", "PrincipalType": "Group"}, {"RightName": "GenericWrite", "AceType": "", "IsInherited": true, "PrincipalSID": "ELFU.LOCAL-S-1-5-32-544", "PrincipalType": "Group"}, {"RightName": "WriteOwner", "AceType": "", "IsInherited": true, "PrincipalSID": "ELFU.LOCAL-S-1-5-32-544", "PrincipalType": "Group"}, {"RightName": "WriteDacl", "AceType": "", "IsInherited": true, "PrincipalSID": "ELFU.LOCAL-S-1-5-32-544", "PrincipalType": "Group"}]}],"meta":{"type":"computers","count":2, "version":3}}