{"groups":[{"ObjectIdentifier": "S-1-5-21-2037236562-2033616742-1485113978-1511", "Properties": {"domain": "ELFU.LOCAL", "objectid": "S-1-5-21-2037236562-2033616742-1485113978-1511", "highvalue": false, "name": "FILE SHARES@ELFU.LOCAL", "distinguishedname": "CN=File Shares,CN=Computers,DC=elfu,DC=local", "admincount": false, "description": null}, "Members": [{"MemberId": "S-1-5-21-2037236562-2033616742-1485113978-1546", "MemberType": "Computer"}, {"MemberId": "S-1-5-21-2037236562-2033616742-1485113978-1545", "MemberType": "Computer"}, {"MemberId": "S-1-5-21-2037236562-2033616742-1485113978-1544", "MemberType": "Computer"}, {"MemberId": "S-1-5-21-2037236562-2033616742-1485113978-1543", "MemberType": "Computer"}, {"MemberId": "S-1-5-21-2037236562-2033616742-1485113978-1542", "MemberType": "Computer"}, {"MemberId": "S-1-5-21-2037236562-2033616742-1485113978-1541", "MemberType": "Computer"}, {"MemberId": "S-1-5-21-2037236562-2033616742-1485113978-1540", "MemberType": "Computer"}, {"MemberId": "S-1-5-21-2037236562-2033616742-1485113978-1539", "MemberType": "Computer"}, {"MemberId": "S-1-5-21-2037236562-2033616742-1485113978-1538", "MemberType": "Computer"}, {"MemberId": "S-1-5-21-2037236562-2033616742-1485113978-1537", "MemberType": "Computer"}, {"MemberId": "S-1-5-21-2037236562-2033616742-1485113978-1536", "MemberType": "Computer"}, {"MemberId": "S-1-5-21-2037236562-2033616742-1485113978-1535", "MemberType": "Computer"}, {"MemberId": "S-1-5-21-2037236562-2033616742-1485113978-1534", "MemberType": "Computer"}, {"MemberId": "S-1-5-21-2037236562-2033616742-1485113978-1533", "MemberType": "Computer"}, {"MemberId": "S-1-5-21-2037236562-2033616742-1485113978-1532", "MemberType": "Computer"}, {"MemberId": "S-1-5-21-2037236562-2033616742-1485113978-1531", "MemberType": "Computer"}, {"MemberId": "S-1-5-21-2037236562-2033616742-1485113978-1530", "MemberType": "Computer"}, {"MemberId": "S-1-5-21-2037236562-2033616742-1485113978-1529", "MemberType": "Computer"}, {"MemberId": "S-1-5-21-2037236562-2033616742-1485113978-1528", "MemberType": "Computer"}, {"MemberId": "S-1-5-21-2037236562-2033616742-1485113978-1527", "MemberType": "Computer"}, {"MemberId": "S-1-5-21-2037236562-2033616742-1485113978-1526", "MemberType": "Computer"}, {"MemberId": "S-1-5-21-2037236562-2033616742-1485113978-1525", "MemberType": "Computer"}, {"MemberId": "S-1-5-21-2037236562-2033616742-1485113978-1524", "MemberType": "Computer"}, {"MemberId": "S-1-5-21-2037236562-2033616742-1485113978-1523", "MemberType": "Computer"}, {"MemberId": "S-1-5-21-2037236562-2033616742-1485113978-1522", "MemberType": "Computer"}, {"MemberId": "S-1-5-21-2037236562-2033616742-1485113978-1521", "MemberType": "Computer"}, {"MemberId": "S-1-5-21-2037236562-2033616742-1485113978-1520", "MemberType": "Computer"}, {"MemberId": "S-1-5-21-2037236562-2033616742-1485113978-1519", "MemberType": "Computer"}, {"MemberId": "S-1-5-21-2037236562-2033616742-1485113978-1518", "MemberType": "Computer"}, {"MemberId": "S-1-5-21-2037236562-2033616742-1485113978-1517", "MemberType": "Computer"}, {"MemberId": "S-1-5-21-2037236562-2033616742-1485113978-1516", "MemberType": "Computer"}, {"MemberId": "S-1-5-21-2037236562-2033616742-1485113978-1515", "MemberType": "Computer"}, {"MemberId": "S-1-5-21-2037236562-2033616742-1485113978-1514", "MemberType": "Computer"}, {"MemberId": "S-1-5-21-2037236562-2033616742-1485113978-1513", "MemberType": "Computer"}, {"MemberId": "S-1-5-21-2037236562-2033616742-1485113978-1512", "MemberType": "Computer"}], "Aces": [{"RightName": "Owner", "AceType": "", "IsInherited": false, "PrincipalSID": "S-1-5-21-2037236562-2033616742-1485113978-512", "PrincipalType": "Group"}, {"RightName": "GenericAll", "AceType": "", "IsInherited": false, "PrincipalSID": "S-1-5-21-2037236562-2033616742-1485113978-512", "PrincipalType": "Group"}, {"RightName": "GenericAll", "AceType": "", "IsInherited": false, "PrincipalSID": "ELFU.LOCAL-S-1-5-32-548", "PrincipalType": "Group"}, {"RightName": "GenericAll", "AceType": "", "IsInherited": true, "PrincipalSID": "S-1-5-21-2037236562-2033616742-1485113978-519", "PrincipalType": "Group"}, {"RightName": "GenericWrite", "AceType": "", "IsInherited": true, "PrincipalSID": "ELFU.LOCAL-S-1-5-32-544", "PrincipalType": "Group"}, {"RightName": "WriteOwner", "AceType": "", "IsInherited": true, "PrincipalSID": "ELFU.LOCAL-S-1-5-32-544", "PrincipalType": "Group"}, {"RightName": "WriteDacl", "AceType": "", "IsInherited": true, "PrincipalSID": "ELFU.LOCAL-S-1-5-32-544", "PrincipalType": "Group"}]},{"ObjectIdentifier": "ELFU.LOCAL-S-1-5-9", "Properties": {"domain": "ELFU.LOCAL", "name": "ENTERPRISE DOMAIN CONTROLLERS@ELFU.LOCAL"}, "Members": [{"MemberId": "S-1-5-21-2037236562-2033616742-1485113978-1547", "MemberType": "Computer"}, {"MemberId": "S-1-5-21-2037236562-2033616742-1485113978-1001", "MemberType": "Computer"}], "Aces": []},{"ObjectIdentifier": "ELFU.LOCAL-S-1-1-0", "Properties": {"domain": "ELFU.LOCAL", "name": "EVERYONE@ELFU.LOCAL"}, "Members": [{"MemberId": "S-1-5-21-2037236562-2033616742-1485113978-515", "MemberType": "Group"}, {"MemberId": "S-1-5-21-2037236562-2033616742-1485113978-513", "MemberType": "Group"}], "Aces": []},{"ObjectIdentifier": "ELFU.LOCAL-S-1-5-11", "Properties": {"domain": "ELFU.LOCAL", "name": "AUTHENTICATED USERS@ELFU.LOCAL"}, "Members": [{"MemberId": "S-1-5-21-2037236562-2033616742-1485113978-515", "MemberType": "Group"}, {"MemberId": "S-1-5-21-2037236562-2033616742-1485113978-513", "MemberType": "Group"}], "Aces": []},{"ObjectIdentifier": "S-1-5-21-2037236562-2033616742-1485113978-1108", "Properties": {"domain": "ELFU.LOCAL", "objectid": "S-1-5-21-2037236562-2033616742-1485113978-1108", "highvalue": false, "name": "RESEARCHDEPARTMENT@ELFU.LOCAL", "distinguishedname": "CN=Research Department,CN=Users,DC=elfu,DC=local", "admincount": false, "description": "Members of this group have access to all ElfU research resources/shares."}, "Members": [{"MemberId": "S-1-5-21-2037236562-2033616742-1485113978-1596", "MemberType": "User"}, {"MemberId": "S-1-5-21-2037236562-2033616742-1485113978-1594", "MemberType": "User"}, {"MemberId": "S-1-5-21-2037236562-2033616742-1485113978-1592", "MemberType": "User"}, {"MemberId": "S-1-5-21-2037236562-2033616742-1485113978-1583", "MemberType": "User"}, {"MemberId": "S-1-5-21-2037236562-2033616742-1485113978-1581", "MemberType": "User"}, {"MemberId": "S-1-5-21-2037236562-2033616742-1485113978-1575", "MemberType": "User"}, {"MemberId": "S-1-5-21-2037236562-2033616742-1485113978-1571", "MemberType": "User"}, {"MemberId": "S-1-5-21-2037236562-2033616742-1485113978-1570", "MemberType": "User"}, {"MemberId": "S-1-5-21-2037236562-2033616742-1485113978-1569", "MemberType": "User"}, {"MemberId": "S-1-5-21-2037236562-2033616742-1485113978-1563", "MemberType": "User"}, {"MemberId": "S-1-5-21-2037236562-2033616742-1485113978-1560", "MemberType": "User"}, {"MemberId": "S-1-5-21-2037236562-2033616742-1485113978-1555", "MemberType": "User"}, {"MemberId": "S-1-5-21-2037236562-2033616742-1485113978-1552", "MemberType": "User"}, {"MemberId": "S-1-5-21-2037236562-2033616742-1485113978-1551", "MemberType": "User"}], "Aces": [{"RightName": "Owner", "AceType": "", "IsInherited": false, "PrincipalSID": "S-1-5-21-2037236562-2033616742-1485113978-512", "PrincipalType": "Group"}, {"RightName": "WriteDacl", "AceType": "", "IsInherited": false, "PrincipalSID": "S-1-5-21-2037236562-2033616742-1485113978-1106", "PrincipalType": "User"}, {"RightName": "GenericAll", "AceType": "", "IsInherited": false, "PrincipalSID": "S-1-5-21-2037236562-2033616742-1485113978-512", "PrincipalType": "Group"}, {"RightName": "GenericAll", "AceType": "", "IsInherited": false, "PrincipalSID": "S-1-5-21-2037236562-2033616742-1485113978-1552", "PrincipalType": "User"}, {"RightName": "GenericAll", "AceType": "", "IsInherited": false, "PrincipalSID": "S-1-5-21-2037236562-2033616742-1485113978-1555", "PrincipalType": "User"}, {"RightName": "GenericAll", "AceType": "", "IsInherited": false, "PrincipalSID": "S-1-5-21-2037236562-2033616742-1485113978-1560", "PrincipalType": "User"}, {"RightName": "GenericAll", "AceType": "", "IsInherited": false, "PrincipalSID": "S-1-5-21-2037236562-2033616742-1485113978-1563", "PrincipalType": "User"}, {"RightName": "GenericAll", "AceType": "", "IsInherited": false, "PrincipalSID": "S-1-5-21-2037236562-2033616742-1485113978-1569", "PrincipalType": "User"}, {"RightName": "GenericAll", "AceType": "", "IsInherited": false, "PrincipalSID": "S-1-5-21-2037236562-2033616742-1485113978-1570", "PrincipalType": "User"}, {"RightName": "GenericAll", "AceType": "", "IsInherited": false, "PrincipalSID": "S-1-5-21-2037236562-2033616742-1485113978-1571", "PrincipalType": "User"}, {"RightName": "GenericAll", "AceType": "", "IsInherited": false, "PrincipalSID": "S-1-5-21-2037236562-2033616742-1485113978-1575", "PrincipalType": "User"}, {"RightName": "GenericAll", "AceType": "", "IsInherited": false, "PrincipalSID": "S-1-5-21-2037236562-2033616742-1485113978-1581", "PrincipalType": "User"}, {"RightName": "GenericAll", "AceType": "", "IsInherited": false, "PrincipalSID": "S-1-5-21-2037236562-2033616742-1485113978-1583", "PrincipalType": "User"}, {"RightName": "GenericAll", "AceType": "", "IsInherited": false, "PrincipalSID": "S-1-5-21-2037236562-2033616742-1485113978-1592", "PrincipalType": "User"}, {"RightName": "GenericAll", "AceType": "", "IsInherited": false, "PrincipalSID": "S-1-5-21-2037236562-2033616742-1485113978-1594", "PrincipalType": "User"}, {"RightName": "GenericAll", "AceType": "", "IsInherited": false, "PrincipalSID": "S-1-5-21-2037236562-2033616742-1485113978-1596", "PrincipalType": "User"}, {"RightName": "GenericAll", "AceType": "", "IsInherited": false, "PrincipalSID": "ELFU.LOCAL-S-1-5-32-548", "PrincipalType": "Group"}, {"RightName": "GenericAll", "AceType": "", "IsInherited": true, "PrincipalSID": "S-1-5-21-2037236562-2033616742-1485113978-519", "PrincipalType": "Group"}, {"RightName": "GenericWrite", "AceType": "", "IsInherited": true, "PrincipalSID": "ELFU.LOCAL-S-1-5-32-544", "PrincipalType": "Group"}, {"RightName": "WriteOwner", "AceType": "", "IsInherited": true, "PrincipalSID": "ELFU.LOCAL-S-1-5-32-544", "PrincipalType": "Group"}, {"RightName": "WriteDacl", "AceType": "", "IsInherited": true, "PrincipalSID": "ELFU.LOCAL-S-1-5-32-544", "PrincipalType": "Group"}]},{"ObjectIdentifier": "S-1-5-21-2037236562-2033616742-1485113978-1107", "Properties": {"domain": "ELFU.LOCAL", "objectid": "S-1-5-21-2037236562-2033616742-1485113978-1107", "highvalue": false, "name": "REMOTEMANAGEMENTDOMAINUSERS@ELFU.LOCAL", "distinguishedname": "CN=Remote Management Domain Users,CN=Users,DC=elfu,DC=local", "admincount": false, "description": "Members of this group are able to winrm into domain machines. Equivilant to being in the localgroup \"Remote Management Users\""}, "Members": [{"MemberId": "S-1-5-21-2037236562-2033616742-1485113978-1106", "MemberType": "User"}], "Aces": [{"RightName": "Owner", "AceType": "", "IsInherited": false, "PrincipalSID": "S-1-5-21-2037236562-2033616742-1485113978-512", "PrincipalType": "Group"}, {"RightName": "GenericAll", "AceType": "", "IsInherited": false, "PrincipalSID": "S-1-5-21-2037236562-2033616742-1485113978-512", "PrincipalType": "Group"}, {"RightName": "GenericAll", "AceType": "", "IsInherited": false, "PrincipalSID": "ELFU.LOCAL-S-1-5-32-548", "PrincipalType": "Group"}, {"RightName": "GenericAll", "AceType": "", "IsInherited": true, "PrincipalSID": "S-1-5-21-2037236562-2033616742-1485113978-519", "PrincipalType": "Group"}, {"RightName": "GenericWrite", "AceType": "", "IsInherited": true, "PrincipalSID": "ELFU.LOCAL-S-1-5-32-544", "PrincipalType": "Group"}, {"RightName": "WriteOwner", "AceType": "", "IsInherited": true, "PrincipalSID": "ELFU.LOCAL-S-1-5-32-544", "PrincipalType": "Group"}, {"RightName": "WriteDacl", "AceType": "", "IsInherited": true, "PrincipalSID": "ELFU.LOCAL-S-1-5-32-544", "PrincipalType": "Group"}]},{"ObjectIdentifier": "S-1-5-21-2037236562-2033616742-1485113978-1103", "Properties": {"domain": "ELFU.LOCAL", "objectid": "S-1-5-21-2037236562-2033616742-1485113978-1103", "highvalue": false, "name": "DNSUPDATEPROXY@ELFU.LOCAL", "distinguishedname": "CN=DnsUpdateProxy,CN=Users,DC=elfu,DC=local", "admincount": false, "description": "DNS clients who are permitted to perform dynamic updates on behalf of some other clients (such as DHCP servers)."}, "Members": [], "Aces": [{"RightName": "GenericAll", "AceType": "", "IsInherited": false, "PrincipalSID": "S-1-5-21-2037236562-2033616742-1485113978-512", "PrincipalType": "Group"}, {"RightName": "GenericAll", "AceType": "", "IsInherited": false, "PrincipalSID": "ELFU.LOCAL-S-1-5-32-548", "PrincipalType": "Group"}, {"RightName": "GenericAll", "AceType": "", "IsInherited": true, "PrincipalSID": "S-1-5-21-2037236562-2033616742-1485113978-519", "PrincipalType": "Group"}, {"RightName": "GenericWrite", "AceType": "", "IsInherited": true, "PrincipalSID": "ELFU.LOCAL-S-1-5-32-544", "PrincipalType": "Group"}, {"RightName": "WriteOwner", "AceType": "", "IsInherited": true, "PrincipalSID": "ELFU.LOCAL-S-1-5-32-544", "PrincipalType": "Group"}, {"RightName": "WriteDacl", "AceType": "", "IsInherited": true, "PrincipalSID": "ELFU.LOCAL-S-1-5-32-544", "PrincipalType": "Group"}]},{"ObjectIdentifier": "S-1-5-21-2037236562-2033616742-1485113978-1102", "Properties": {"domain": "ELFU.LOCAL", "objectid": "S-1-5-21-2037236562-2033616742-1485113978-1102", "highvalue": false, "name": "DNSADMINS@ELFU.LOCAL", "distinguishedname": "CN=DnsAdmins,CN=Users,DC=elfu,DC=local", "admincount": false, "description": "DNS Administrators Group"}, "Members": [], "Aces": [{"RightName": "GenericAll", "AceType": "", "IsInherited": false, "PrincipalSID": "S-1-5-21-2037236562-2033616742-1485113978-512", "PrincipalType": "Group"}, {"RightName": "GenericAll", "AceType": "", "IsInherited": false, "PrincipalSID": "ELFU.LOCAL-S-1-5-32-548", "PrincipalType": "Group"}, {"RightName": "GenericAll", "AceType": "", "IsInherited": true, "PrincipalSID": "S-1-5-21-2037236562-2033616742-1485113978-519", "PrincipalType": "Group"}, {"RightName": "GenericWrite", "AceType": "", "IsInherited": true, "PrincipalSID": "ELFU.LOCAL-S-1-5-32-544", "PrincipalType": "Group"}, {"RightName": "WriteOwner", "AceType": "", "IsInherited": true, "PrincipalSID": "ELFU.LOCAL-S-1-5-32-544", "PrincipalType": "Group"}, {"RightName": "WriteDacl", "AceType": "", "IsInherited": true, "PrincipalSID": "ELFU.LOCAL-S-1-5-32-544", "PrincipalType": "Group"}]},{"ObjectIdentifier": "S-1-5-21-2037236562-2033616742-1485113978-527", "Properties": {"domain": "ELFU.LOCAL", "objectid": "S-1-5-21-2037236562-2033616742-1485113978-527", "highvalue": false, "name": "ENTERPRISE KEY ADMINS@ELFU.LOCAL", "distinguishedname": "CN=Enterprise Key Admins,CN=Users,DC=elfu,DC=local", "admincount": true, "description": "Members of this group can perform administrative actions on key objects within the forest."}, "Members": [], "Aces": [{"RightName": "Owner", "AceType": "", "IsInherited": false, "PrincipalSID": "S-1-5-21-2037236562-2033616742-1485113978-512", "PrincipalType": "Group"}, {"RightName": "GenericWrite", "AceType": "", "IsInherited": false, "PrincipalSID": "S-1-5-21-2037236562-2033616742-1485113978-512", "PrincipalType": "Group"}, {"RightName": "WriteOwner", "AceType": "", "IsInherited": false, "PrincipalSID": "S-1-5-21-2037236562-2033616742-1485113978-512", "PrincipalType": "Group"}, {"RightName": "WriteDacl", "AceType": "", "IsInherited": false, "PrincipalSID": "S-1-5-21-2037236562-2033616742-1485113978-512", "PrincipalType": "Group"}, {"RightName": "GenericWrite", "AceType": "", "IsInherited": false, "PrincipalSID": "S-1-5-21-2037236562-2033616742-1485113978-519", "PrincipalType": "Group"}, {"RightName": "WriteOwner", "AceType": "", "IsInherited": false, "PrincipalSID": "S-1-5-21-2037236562-2033616742-1485113978-519", "PrincipalType": "Group"}, {"RightName": "WriteDacl", "AceType": "", "IsInherited": false, "PrincipalSID": "S-1-5-21-2037236562-2033616742-1485113978-519", "PrincipalType": "Group"}, {"RightName": "GenericWrite", "AceType": "", "IsInherited": false, "PrincipalSID": "ELFU.LOCAL-S-1-5-32-544", "PrincipalType": "Group"}, {"RightName": "WriteOwner", "AceType": "", "IsInherited": false, "PrincipalSID": "ELFU.LOCAL-S-1-5-32-544", "PrincipalType": "Group"}, {"RightName": "WriteDacl", "AceType": "", "IsInherited": false, "PrincipalSID": "ELFU.LOCAL-S-1-5-32-544", "PrincipalType": "Group"}]},{"ObjectIdentifier": "S-1-5-21-2037236562-2033616742-1485113978-526", "Properties": {"domain": "ELFU.LOCAL", "objectid": "S-1-5-21-2037236562-2033616742-1485113978-526", "highvalue": false, "name": "KEY ADMINS@ELFU.LOCAL", "distinguishedname": "CN=Key Admins,CN=Users,DC=elfu,DC=local", "admincount": true, "description": "Members of this group can perform administrative actions on key objects within the domain."}, "Members": [], "Aces": [{"RightName": "Owner", "AceType": "", "IsInherited": false, "PrincipalSID": "S-1-5-21-2037236562-2033616742-1485113978-512", "PrincipalType": "Group"}, {"RightName": "GenericWrite", "AceType": "", "IsInherited": false, "PrincipalSID": "S-1-5-21-2037236562-2033616742-1485113978-512", "PrincipalType": "Group"}, {"RightName": "WriteOwner", "AceType": "", "IsInherited": false, "PrincipalSID": "S-1-5-21-2037236562-2033616742-1485113978-512", "PrincipalType": "Group"}, {"RightName": "WriteDacl", "AceType": "", "IsInherited": false, "PrincipalSID": "S-1-5-21-2037236562-2033616742-1485113978-512", "PrincipalType": "Group"}, {"RightName": "GenericWrite", "AceType": "", "IsInherited": false, "PrincipalSID": "S-1-5-21-2037236562-2033616742-1485113978-519", "PrincipalType": "Group"}, {"RightName": "WriteOwner", "AceType": "", "IsInherited": false, "PrincipalSID": "S-1-5-21-2037236562-2033616742-1485113978-519", "PrincipalType": "Group"}, {"RightName": "WriteDacl", "AceType": "", "IsInherited": false, "PrincipalSID": "S-1-5-21-2037236562-2033616742-1485113978-519", "PrincipalType": "Group"}, {"RightName": "GenericWrite", "AceType": "", "IsInherited": false, "PrincipalSID": "ELFU.LOCAL-S-1-5-32-544", "PrincipalType": "Group"}, {"RightName": "WriteOwner", "AceType": "", "IsInherited": false, "PrincipalSID": "ELFU.LOCAL-S-1-5-32-544", "PrincipalType": "Group"}, {"RightName": "WriteDacl", "AceType": "", "IsInherited": false, "PrincipalSID": "ELFU.LOCAL-S-1-5-32-544", "PrincipalType": "Group"}]},{"ObjectIdentifier": "S-1-5-21-2037236562-2033616742-1485113978-525", "Properties": {"domain": "ELFU.LOCAL", "objectid": "S-1-5-21-2037236562-2033616742-1485113978-525", "highvalue": false, "name": "PROTECTED USERS@ELFU.LOCAL", "distinguishedname": "CN=Protected Users,CN=Users,DC=elfu,DC=local", "admincount": false, "description": "Members of this group are afforded additional protections against authentication security threats. See http://go.microsoft.com/fwlink/?LinkId=298939 for more information."}, "Members": [], "Aces": [{"RightName": "Owner", "AceType": "", "IsInherited": false, "PrincipalSID": "S-1-5-21-2037236562-2033616742-1485113978-512", "PrincipalType": "Group"}, {"RightName": "GenericAll", "AceType": "", "IsInherited": false, "PrincipalSID": "S-1-5-21-2037236562-2033616742-1485113978-512", "PrincipalType": "Group"}, {"RightName": "GenericAll", "AceType": "", "IsInherited": false, "PrincipalSID": "ELFU.LOCAL-S-1-5-32-548", "PrincipalType": "Group"}, {"RightName": "GenericAll", "AceType": "", "IsInherited": true, "PrincipalSID": "S-1-5-21-2037236562-2033616742-1485113978-519", "PrincipalType": "Group"}, {"RightName": "GenericWrite", "AceType": "", "IsInherited": true, "PrincipalSID": "ELFU.LOCAL-S-1-5-32-544", "PrincipalType": "Group"}, {"RightName": "WriteOwner", "AceType": "", "IsInherited": true, "PrincipalSID": "ELFU.LOCAL-S-1-5-32-544", "PrincipalType": "Group"}, {"RightName": "WriteDacl", "AceType": "", "IsInherited": true, "PrincipalSID": "ELFU.LOCAL-S-1-5-32-544", "PrincipalType": "Group"}]},{"ObjectIdentifier": "S-1-5-21-2037236562-2033616742-1485113978-522", "Properties": {"domain": "ELFU.LOCAL", "objectid": "S-1-5-21-2037236562-2033616742-1485113978-522", "highvalue": false, "name": "CLONEABLE DOMAIN CONTROLLERS@ELFU.LOCAL", "distinguishedname": "CN=Cloneable Domain Controllers,CN=Users,DC=elfu,DC=local", "admincount": false, "description": "Members of this group that are domain controllers may be cloned."}, "Members": [], "Aces": [{"RightName": "Owner", "AceType": "", "IsInherited": false, "PrincipalSID": "S-1-5-21-2037236562-2033616742-1485113978-512", "PrincipalType": "Group"}, {"RightName": "GenericAll", "AceType": "", "IsInherited": false, "PrincipalSID": "S-1-5-21-2037236562-2033616742-1485113978-512", "PrincipalType": "Group"}, {"RightName": "GenericAll", "AceType": "", "IsInherited": false, "PrincipalSID": "ELFU.LOCAL-S-1-5-32-548", "PrincipalType": "Group"}, {"RightName": "GenericAll", "AceType": "", "IsInherited": true, "PrincipalSID": "S-1-5-21-2037236562-2033616742-1485113978-519", "PrincipalType": "Group"}, {"RightName": "GenericWrite", "AceType": "", "IsInherited": true, "PrincipalSID": "ELFU.LOCAL-S-1-5-32-544", "PrincipalType": "Group"}, {"RightName": "WriteOwner", "AceType": "", "IsInherited": true, "PrincipalSID": "ELFU.LOCAL-S-1-5-32-544", "PrincipalType": "Group"}, {"RightName": "WriteDacl", "AceType": "", "IsInherited": true, "PrincipalSID": "ELFU.LOCAL-S-1-5-32-544", "PrincipalType": "Group"}]},{"ObjectIdentifier": "S-1-5-21-2037236562-2033616742-1485113978-521", "Properties": {"domain": "ELFU.LOCAL", "objectid": "S-1-5-21-2037236562-2033616742-1485113978-521", "highvalue": false, "name": "READ-ONLY DOMAIN CONTROLLERS@ELFU.LOCAL", "distinguishedname": "CN=Read-only Domain Controllers,CN=Users,DC=elfu,DC=local", "admincount": true, "description": "Members of this group are Read-Only Domain Controllers in the domain"}, "Members": [], "Aces": [{"RightName": "Owner", "AceType": "", "IsInherited": false, "PrincipalSID": "S-1-5-21-2037236562-2033616742-1485113978-512", "PrincipalType": "Group"}, {"RightName": "GenericWrite", "AceType": "", "IsInherited": false, "PrincipalSID": "S-1-5-21-2037236562-2033616742-1485113978-512", "PrincipalType": "Group"}, {"RightName": "WriteOwner", "AceType": "", "IsInherited": false, "PrincipalSID": "S-1-5-21-2037236562-2033616742-1485113978-512", "PrincipalType": "Group"}, {"RightName": "WriteDacl", "AceType": "", "IsInherited": false, "PrincipalSID": "S-1-5-21-2037236562-2033616742-1485113978-512", "PrincipalType": "Group"}, {"RightName": "GenericWrite", "AceType": "", "IsInherited": false, "PrincipalSID": "S-1-5-21-2037236562-2033616742-1485113978-519", "PrincipalType": "Group"}, {"RightName": "WriteOwner", "AceType": "", "IsInherited": false, "PrincipalSID": "S-1-5-21-2037236562-2033616742-1485113978-519", "PrincipalType": "Group"}, {"RightName": "WriteDacl", "AceType": "", "IsInherited": false, "PrincipalSID": "S-1-5-21-2037236562-2033616742-1485113978-519", "PrincipalType": "Group"}, {"RightName": "GenericWrite", "AceType": "", "IsInherited": false, "PrincipalSID": "ELFU.LOCAL-S-1-5-32-544", "PrincipalType": "Group"}, {"RightName": "WriteOwner", "AceType": "", "IsInherited": false, "PrincipalSID": "ELFU.LOCAL-S-1-5-32-544", "PrincipalType": "Group"}, {"RightName": "WriteDacl", "AceType": "", "IsInherited": false, "PrincipalSID": "ELFU.LOCAL-S-1-5-32-544", "PrincipalType": "Group"}]},{"ObjectIdentifier": "S-1-5-21-2037236562-2033616742-1485113978-498", "Properties": {"domain": "ELFU.LOCAL", "objectid": "S-1-5-21-2037236562-2033616742-1485113978-498", "highvalue": false, "name": "ENTERPRISE READ-ONLY DOMAIN CONTROLLERS@ELFU.LOCAL", "distinguishedname": "CN=Enterprise Read-only Domain Controllers,CN=Users,DC=elfu,DC=local", "admincount": false, "description": "Members of this group are Read-Only Domain Controllers in the enterprise"}, "Members": [], "Aces": [{"RightName": "Owner", "AceType": "", "IsInherited": false, "PrincipalSID": "S-1-5-21-2037236562-2033616742-1485113978-512", "PrincipalType": "Group"}, {"RightName": "GenericAll", "AceType": "", "IsInherited": false, "PrincipalSID": "S-1-5-21-2037236562-2033616742-1485113978-512", "PrincipalType": "Group"}, {"RightName": "GenericAll", "AceType": "", "IsInherited": false, "PrincipalSID": "ELFU.LOCAL-S-1-5-32-548", "PrincipalType": "Group"}, {"RightName": "GenericAll", "AceType": "", "IsInherited": true, "PrincipalSID": "S-1-5-21-2037236562-2033616742-1485113978-519", "PrincipalType": "Group"}, {"RightName": "GenericWrite", "AceType": "", "IsInherited": true, "PrincipalSID": "ELFU.LOCAL-S-1-5-32-544", "PrincipalType": "Group"}, {"RightName": "WriteOwner", "AceType": "", "IsInherited": true, "PrincipalSID": "ELFU.LOCAL-S-1-5-32-544", "PrincipalType": "Group"}, {"RightName": "WriteDacl", "AceType": "", "IsInherited": true, "PrincipalSID": "ELFU.LOCAL-S-1-5-32-544", "PrincipalType": "Group"}]},{"ObjectIdentifier": "ELFU.LOCAL-S-1-5-32-561", "Properties": {"domain": "ELFU.LOCAL", "objectid": "ELFU.LOCAL-S-1-5-32-561", "highvalue": false, "name": "TERMINAL SERVER LICENSE SERVERS@ELFU.LOCAL", "distinguishedname": "CN=Terminal Server License Servers,CN=Builtin,DC=elfu,DC=local", "admincount": false, "description": "Members of this group can update user accounts in Active Directory with information about license issuance, for the purpose of tracking and reporting TS Per User CAL usage"}, "Members": [], "Aces": [{"RightName": "Owner", "AceType": "", "IsInherited": false, "PrincipalSID": "S-1-5-21-2037236562-2033616742-1485113978-512", "PrincipalType": "Group"}, {"RightName": "GenericAll", "AceType": "", "IsInherited": false, "PrincipalSID": "S-1-5-21-2037236562-2033616742-1485113978-512", "PrincipalType": "Group"}, {"RightName": "GenericAll", "AceType": "", "IsInherited": false, "PrincipalSID": "ELFU.LOCAL-S-1-5-32-548", "PrincipalType": "Group"}, {"RightName": "GenericAll", "AceType": "", "IsInherited": true, "PrincipalSID": "S-1-5-21-2037236562-2033616742-1485113978-519", "PrincipalType": "Group"}, {"RightName": "GenericWrite", "AceType": "", "IsInherited": true, "PrincipalSID": "ELFU.LOCAL-S-1-5-32-544", "PrincipalType": "Group"}, {"RightName": "WriteOwner", "AceType": "", "IsInherited": true, "PrincipalSID": "ELFU.LOCAL-S-1-5-32-544", "PrincipalType": "Group"}, {"RightName": "WriteDacl", "AceType": "", "IsInherited": true, "PrincipalSID": "ELFU.LOCAL-S-1-5-32-544", "PrincipalType": "Group"}]},{"ObjectIdentifier": "S-1-5-21-2037236562-2033616742-1485113978-571", "Properties": {"domain": "ELFU.LOCAL", "objectid": "S-1-5-21-2037236562-2033616742-1485113978-571", "highvalue": false, "name": "ALLOWED RODC PASSWORD REPLICATION GROUP@ELFU.LOCAL", "distinguishedname": "CN=Allowed RODC Password Replication Group,CN=Users,DC=elfu,DC=local", "admincount": false, "description": "Members in this group can have their passwords replicated to all read-only domain controllers in the domain"}, "Members": [], "Aces": [{"RightName": "Owner", "AceType": "", "IsInherited": false, "PrincipalSID": "S-1-5-21-2037236562-2033616742-1485113978-512", "PrincipalType": "Group"}, {"RightName": "GenericAll", "AceType": "", "IsInherited": false, "PrincipalSID": "S-1-5-21-2037236562-2033616742-1485113978-512", "PrincipalType": "Group"}, {"RightName": "GenericAll", "AceType": "", "IsInherited": false, "PrincipalSID": "ELFU.LOCAL-S-1-5-32-548", "PrincipalType": "Group"}, {"RightName": "GenericAll", "AceType": "", "IsInherited": true, "PrincipalSID": "S-1-5-21-2037236562-2033616742-1485113978-519", "PrincipalType": "Group"}, {"RightName": "GenericWrite", "AceType": "", "IsInherited": true, "PrincipalSID": "ELFU.LOCAL-S-1-5-32-544", "PrincipalType": "Group"}, {"RightName": "WriteOwner", "AceType": "", "IsInherited": true, "PrincipalSID": "ELFU.LOCAL-S-1-5-32-544", "PrincipalType": "Group"}, {"RightName": "WriteDacl", "AceType": "", "IsInherited": true, "PrincipalSID": "ELFU.LOCAL-S-1-5-32-544", "PrincipalType": "Group"}]},{"ObjectIdentifier": "S-1-5-21-2037236562-2033616742-1485113978-572", "Properties": {"domain": "ELFU.LOCAL", "objectid": "S-1-5-21-2037236562-2033616742-1485113978-572", "highvalue": false, "name": "DENIED RODC PASSWORD REPLICATION GROUP@ELFU.LOCAL", "distinguishedname": "CN=Denied RODC Password Replication Group,CN=Users,DC=elfu,DC=local", "admincount": false, "description": "Members in this group cannot have their passwords replicated to any read-only domain controllers in the domain"}, "Members": [{"MemberId": "S-1-5-21-2037236562-2033616742-1485113978-521", "MemberType": "Group"}, {"MemberId": "S-1-5-21-2037236562-2033616742-1485113978-520", "MemberType": "Group"}, {"MemberId": "S-1-5-21-2037236562-2033616742-1485113978-512", "MemberType": "Group"}, {"MemberId": "S-1-5-21-2037236562-2033616742-1485113978-517", "MemberType": "Group"}, {"MemberId": "S-1-5-21-2037236562-2033616742-1485113978-519", "MemberType": "Group"}, {"MemberId": "S-1-5-21-2037236562-2033616742-1485113978-518", "MemberType": "Group"}, {"MemberId": "S-1-5-21-2037236562-2033616742-1485113978-516", "MemberType": "Group"}, {"MemberId": "S-1-5-21-2037236562-2033616742-1485113978-502", "MemberType": "User"}], "Aces": [{"RightName": "Owner", "AceType": "", "IsInherited": false, "PrincipalSID": "S-1-5-21-2037236562-2033616742-1485113978-512", "PrincipalType": "Group"}, {"RightName": "GenericAll", "AceType": "", "IsInherited": false, "PrincipalSID": "S-1-5-21-2037236562-2033616742-1485113978-512", "PrincipalType": "Group"}, {"RightName": "GenericAll", "AceType": "", "IsInherited": false, "PrincipalSID": "ELFU.LOCAL-S-1-5-32-548", "PrincipalType": "Group"}, {"RightName": "GenericAll", "AceType": "", "IsInherited": true, "PrincipalSID": "S-1-5-21-2037236562-2033616742-1485113978-519", "PrincipalType": "Group"}, {"RightName": "GenericWrite", "AceType": "", "IsInherited": true, "PrincipalSID": "ELFU.LOCAL-S-1-5-32-544", "PrincipalType": "Group"}, {"RightName": "WriteOwner", "AceType": "", "IsInherited": true, "PrincipalSID": "ELFU.LOCAL-S-1-5-32-544", "PrincipalType": "Group"}, {"RightName": "WriteDacl", "AceType": "", "IsInherited": true, "PrincipalSID": "ELFU.LOCAL-S-1-5-32-544", "PrincipalType": "Group"}]},{"ObjectIdentifier": "ELFU.LOCAL-S-1-5-32-557", "Properties": {"domain": "ELFU.LOCAL", "objectid": "ELFU.LOCAL-S-1-5-32-557", "highvalue": false, "name": "INCOMING FOREST TRUST BUILDERS@ELFU.LOCAL", "distinguishedname": "CN=Incoming Forest Trust Builders,CN=Builtin,DC=elfu,DC=local", "admincount": false, "description": "Members of this group can create incoming, one-way trusts to this forest"}, "Members": [], "Aces": [{"RightName": "Owner", "AceType": "", "IsInherited": false, "PrincipalSID": "S-1-5-21-2037236562-2033616742-1485113978-512", "PrincipalType": "Group"}, {"RightName": "GenericAll", "AceType": "", "IsInherited": false, "PrincipalSID": "S-1-5-21-2037236562-2033616742-1485113978-512", "PrincipalType": "Group"}, {"RightName": "GenericAll", "AceType": "", "IsInherited": false, "PrincipalSID": "ELFU.LOCAL-S-1-5-32-548", "PrincipalType": "Group"}, {"RightName": "GenericAll", "AceType": "", "IsInherited": true, "PrincipalSID": "S-1-5-21-2037236562-2033616742-1485113978-519", "PrincipalType": "Group"}, {"RightName": "GenericWrite", "AceType": "", "IsInherited": true, "PrincipalSID": "ELFU.LOCAL-S-1-5-32-544", "PrincipalType": "Group"}, {"RightName": "WriteOwner", "AceType": "", "IsInherited": true, "PrincipalSID": "ELFU.LOCAL-S-1-5-32-544", "PrincipalType": "Group"}, {"RightName": "WriteDacl", "AceType": "", "IsInherited": true, "PrincipalSID": "ELFU.LOCAL-S-1-5-32-544", "PrincipalType": "Group"}]},{"ObjectIdentifier": "ELFU.LOCAL-S-1-5-32-560", "Properties": {"domain": "ELFU.LOCAL", "objectid": "ELFU.LOCAL-S-1-5-32-560", "highvalue": false, "name": "WINDOWS AUTHORIZATION ACCESS GROUP@ELFU.LOCAL", "distinguishedname": "CN=Windows Authorization Access Group,CN=Builtin,DC=elfu,DC=local", "admincount": false, "description": "Members of this group have access to the computed tokenGroupsGlobalAndUniversal attribute on User objects"}, "Members": [{"MemberId": "ELFU.LOCAL-S-1-5-9", "MemberType": "Group"}], "Aces": [{"RightName": "Owner", "AceType": "", "IsInherited": false, "PrincipalSID": "S-1-5-21-2037236562-2033616742-1485113978-512", "PrincipalType": "Group"}, {"RightName": "GenericAll", "AceType": "", "IsInherited": false, "PrincipalSID": "S-1-5-21-2037236562-2033616742-1485113978-512", "PrincipalType": "Group"}, {"RightName": "GenericAll", "AceType": "", "IsInherited": false, "PrincipalSID": "ELFU.LOCAL-S-1-5-32-548", "PrincipalType": "Group"}, {"RightName": "GenericAll", "AceType": "", "IsInherited": true, "PrincipalSID": "S-1-5-21-2037236562-2033616742-1485113978-519", "PrincipalType": "Group"}, {"RightName": "GenericWrite", "AceType": "", "IsInherited": true, "PrincipalSID": "ELFU.LOCAL-S-1-5-32-544", "PrincipalType": "Group"}, {"RightName": "WriteOwner", "AceType": "", "IsInherited": true, "PrincipalSID": "ELFU.LOCAL-S-1-5-32-544", "PrincipalType": "Group"}, {"RightName": "WriteDacl", "AceType": "", "IsInherited": true, "PrincipalSID": "ELFU.LOCAL-S-1-5-32-544", "PrincipalType": "Group"}]},{"ObjectIdentifier": "ELFU.LOCAL-S-1-5-32-548", "Properties": {"domain": "ELFU.LOCAL", "objectid": "ELFU.LOCAL-S-1-5-32-548", "highvalue": true, "name": "ACCOUNT OPERATORS@ELFU.LOCAL", "distinguishedname": "CN=Account Operators,CN=Builtin,DC=elfu,DC=local", "admincount": true, "description": "Members can administer domain user and group accounts"}, "Members": [], "Aces": [{"RightName": "Owner", "AceType": "", "IsInherited": false, "PrincipalSID": "S-1-5-21-2037236562-2033616742-1485113978-512", "PrincipalType": "Group"}, {"RightName": "GenericWrite", "AceType": "", "IsInherited": false, "PrincipalSID": "S-1-5-21-2037236562-2033616742-1485113978-512", "PrincipalType": "Group"}, {"RightName": "WriteOwner", "AceType": "", "IsInherited": false, "PrincipalSID": "S-1-5-21-2037236562-2033616742-1485113978-512", "PrincipalType": "Group"}, {"RightName": "WriteDacl", "AceType": "", "IsInherited": false, "PrincipalSID": "S-1-5-21-2037236562-2033616742-1485113978-512", "PrincipalType": "Group"}, {"RightName": "GenericWrite", "AceType": "", "IsInherited": false, "PrincipalSID": "S-1-5-21-2037236562-2033616742-1485113978-519", "PrincipalType": "Group"}, {"RightName": "WriteOwner", "AceType": "", "IsInherited": false, "PrincipalSID": "S-1-5-21-2037236562-2033616742-1485113978-519", "PrincipalType": "Group"}, {"RightName": "WriteDacl", "AceType": "", "IsInherited": false, "PrincipalSID": "S-1-5-21-2037236562-2033616742-1485113978-519", "PrincipalType": "Group"}, {"RightName": "GenericWrite", "AceType": "", "IsInherited": false, "PrincipalSID": "ELFU.LOCAL-S-1-5-32-544", "PrincipalType": "Group"}, {"RightName": "WriteOwner", "AceType": "", "IsInherited": false, "PrincipalSID": "ELFU.LOCAL-S-1-5-32-544", "PrincipalType": "Group"}, {"RightName": "WriteDacl", "AceType": "", "IsInherited": false, "PrincipalSID": "ELFU.LOCAL-S-1-5-32-544", "PrincipalType": "Group"}]},{"ObjectIdentifier": "ELFU.LOCAL-S-1-5-32-554", "Properties": {"domain": "ELFU.LOCAL", "objectid": "ELFU.LOCAL-S-1-5-32-554", "highvalue": false, "name": "PRE-WINDOWS 2000 COMPATIBLE ACCESS@ELFU.LOCAL", "distinguishedname": "CN=Pre-Windows 2000 Compatible Access,CN=Builtin,DC=elfu,DC=local", "admincount": false, "description": "A backward compatibility group which allows read access on all users and groups in the domain"}, "Members": [{"MemberId": "ELFU.LOCAL-S-1-5-11", "MemberType": "Group"}], "Aces": [{"RightName": "Owner", "AceType": "", "IsInherited": false, "PrincipalSID": "S-1-5-21-2037236562-2033616742-1485113978-512", "PrincipalType": "Group"}, {"RightName": "GenericAll", "AceType": "", "IsInherited": false, "PrincipalSID": "S-1-5-21-2037236562-2033616742-1485113978-512", "PrincipalType": "Group"}, {"RightName": "GenericAll", "AceType": "", "IsInherited": false, "PrincipalSID": "ELFU.LOCAL-S-1-5-32-548", "PrincipalType": "Group"}, {"RightName": "GenericAll", "AceType": "", "IsInherited": true, "PrincipalSID": "S-1-5-21-2037236562-2033616742-1485113978-519", "PrincipalType": "Group"}, {"RightName": "GenericWrite", "AceType": "", "IsInherited": true, "PrincipalSID": "ELFU.LOCAL-S-1-5-32-544", "PrincipalType": "Group"}, {"RightName": "WriteOwner", "AceType": "", "IsInherited": true, "PrincipalSID": "ELFU.LOCAL-S-1-5-32-544", "PrincipalType": "Group"}, {"RightName": "WriteDacl", "AceType": "", "IsInherited": true, "PrincipalSID": "ELFU.LOCAL-S-1-5-32-544", "PrincipalType": "Group"}]},{"ObjectIdentifier": "ELFU.LOCAL-S-1-5-32-549", "Properties": {"domain": "ELFU.LOCAL", "objectid": "ELFU.LOCAL-S-1-5-32-549", "highvalue": true, "name": "SERVER OPERATORS@ELFU.LOCAL", "distinguishedname": "CN=Server Operators,CN=Builtin,DC=elfu,DC=local", "admincount": true, "description": "Members can administer domain servers"}, "Members": [], "Aces": [{"RightName": "Owner", "AceType": "", "IsInherited": false, "PrincipalSID": "S-1-5-21-2037236562-2033616742-1485113978-512", "PrincipalType": "Group"}, {"RightName": "GenericWrite", "AceType": "", "IsInherited": false, "PrincipalSID": "S-1-5-21-2037236562-2033616742-1485113978-512", "PrincipalType": "Group"}, {"RightName": "WriteOwner", "AceType": "", "IsInherited": false, "PrincipalSID": "S-1-5-21-2037236562-2033616742-1485113978-512", "PrincipalType": "Group"}, {"RightName": "WriteDacl", "AceType": "", "IsInherited": false, "PrincipalSID": "S-1-5-21-2037236562-2033616742-1485113978-512", "PrincipalType": "Group"}, {"RightName": "GenericWrite", "AceType": "", "IsInherited": false, "PrincipalSID": "S-1-5-21-2037236562-2033616742-1485113978-519", "PrincipalType": "Group"}, {"RightName": "WriteOwner", "AceType": "", "IsInherited": false, "PrincipalSID": "S-1-5-21-2037236562-2033616742-1485113978-519", "PrincipalType": "Group"}, {"RightName": "WriteDacl", "AceType": "", "IsInherited": false, "PrincipalSID": "S-1-5-21-2037236562-2033616742-1485113978-519", "PrincipalType": "Group"}, {"RightName": "GenericWrite", "AceType": "", "IsInherited": false, "PrincipalSID": "ELFU.LOCAL-S-1-5-32-544", "PrincipalType": "Group"}, {"RightName": "WriteOwner", "AceType": "", "IsInherited": false, "PrincipalSID": "ELFU.LOCAL-S-1-5-32-544", "PrincipalType": "Group"}, {"RightName": "WriteDacl", "AceType": "", "IsInherited": false, "PrincipalSID": "ELFU.LOCAL-S-1-5-32-544", "PrincipalType": "Group"}]},{"ObjectIdentifier": "S-1-5-21-2037236562-2033616742-1485113978-553", "Properties": {"domain": "ELFU.LOCAL", "objectid": "S-1-5-21-2037236562-2033616742-1485113978-553", "highvalue": false, "name": "RAS AND IAS SERVERS@ELFU.LOCAL", "distinguishedname": "CN=RAS and IAS Servers,CN=Users,DC=elfu,DC=local", "admincount": false, "description": "Servers in this group can access remote access properties of users"}, "Members": [], "Aces": [{"RightName": "Owner", "AceType": "", "IsInherited": false, "PrincipalSID": "S-1-5-21-2037236562-2033616742-1485113978-512", "PrincipalType": "Group"}, {"RightName": "GenericAll", "AceType": "", "IsInherited": false, "PrincipalSID": "S-1-5-21-2037236562-2033616742-1485113978-512", "PrincipalType": "Group"}, {"RightName": "GenericAll", "AceType": "", "IsInherited": false, "PrincipalSID": "ELFU.LOCAL-S-1-5-32-548", "PrincipalType": "Group"}, {"RightName": "GenericAll", "AceType": "", "IsInherited": true, "PrincipalSID": "S-1-5-21-2037236562-2033616742-1485113978-519", "PrincipalType": "Group"}, {"RightName": "GenericWrite", "AceType": "", "IsInherited": true, "PrincipalSID": "ELFU.LOCAL-S-1-5-32-544", "PrincipalType": "Group"}, {"RightName": "WriteOwner", "AceType": "", "IsInherited": true, "PrincipalSID": "ELFU.LOCAL-S-1-5-32-544", "PrincipalType": "Group"}, {"RightName": "WriteDacl", "AceType": "", "IsInherited": true, "PrincipalSID": "ELFU.LOCAL-S-1-5-32-544", "PrincipalType": "Group"}]},{"ObjectIdentifier": "S-1-5-21-2037236562-2033616742-1485113978-520", "Properties": {"domain": "ELFU.LOCAL", "objectid": "S-1-5-21-2037236562-2033616742-1485113978-520", "highvalue": true, "name": "GROUP POLICY CREATOR OWNERS@ELFU.LOCAL", "distinguishedname": "CN=Group Policy Creator Owners,CN=Users,DC=elfu,DC=local", "admincount": false, "description": "Members in this group can modify group policy for the domain"}, "Members": [{"MemberId": "S-1-5-21-2037236562-2033616742-1485113978-500", "MemberType": "User"}], "Aces": [{"RightName": "Owner", "AceType": "", "IsInherited": false, "PrincipalSID": "S-1-5-21-2037236562-2033616742-1485113978-512", "PrincipalType": "Group"}, {"RightName": "GenericAll", "AceType": "", "IsInherited": false, "PrincipalSID": "S-1-5-21-2037236562-2033616742-1485113978-512", "PrincipalType": "Group"}, {"RightName": "GenericAll", "AceType": "", "IsInherited": false, "PrincipalSID": "ELFU.LOCAL-S-1-5-32-548", "PrincipalType": "Group"}, {"RightName": "GenericAll", "AceType": "", "IsInherited": true, "PrincipalSID": "S-1-5-21-2037236562-2033616742-1485113978-519", "PrincipalType": "Group"}, {"RightName": "GenericWrite", "AceType": "", "IsInherited": true, "PrincipalSID": "ELFU.LOCAL-S-1-5-32-544", "PrincipalType": "Group"}, {"RightName": "WriteOwner", "AceType": "", "IsInherited": true, "PrincipalSID": "ELFU.LOCAL-S-1-5-32-544", "PrincipalType": "Group"}, {"RightName": "WriteDacl", "AceType": "", "IsInherited": true, "PrincipalSID": "ELFU.LOCAL-S-1-5-32-544", "PrincipalType": "Group"}]},{"ObjectIdentifier": "S-1-5-21-2037236562-2033616742-1485113978-514", "Properties": {"domain": "ELFU.LOCAL", "objectid": "S-1-5-21-2037236562-2033616742-1485113978-514", "highvalue": false, "name": "DOMAIN GUESTS@ELFU.LOCAL", "distinguishedname": "CN=Domain Guests,CN=Users,DC=elfu,DC=local", "admincount": false, "description": "All domain guests"}, "Members": [], "Aces": [{"RightName": "Owner", "AceType": "", "IsInherited": false, "PrincipalSID": "S-1-5-21-2037236562-2033616742-1485113978-512", "PrincipalType": "Group"}, {"RightName": "GenericAll", "AceType": "", "IsInherited": false, "PrincipalSID": "S-1-5-21-2037236562-2033616742-1485113978-512", "PrincipalType": "Group"}, {"RightName": "GenericAll", "AceType": "", "IsInherited": false, "PrincipalSID": "ELFU.LOCAL-S-1-5-32-548", "PrincipalType": "Group"}, {"RightName": "GenericAll", "AceType": "", "IsInherited": true, "PrincipalSID": "S-1-5-21-2037236562-2033616742-1485113978-519", "PrincipalType": "Group"}, {"RightName": "GenericWrite", "AceType": "", "IsInherited": true, "PrincipalSID": "ELFU.LOCAL-S-1-5-32-544", "PrincipalType": "Group"}, {"RightName": "WriteOwner", "AceType": "", "IsInherited": true, "PrincipalSID": "ELFU.LOCAL-S-1-5-32-544", "PrincipalType": "Group"}, {"RightName": "WriteDacl", "AceType": "", "IsInherited": true, "PrincipalSID": "ELFU.LOCAL-S-1-5-32-544", "PrincipalType": "Group"}]},{"ObjectIdentifier": "S-1-5-21-2037236562-2033616742-1485113978-513", "Properties": {"domain": "ELFU.LOCAL", "objectid": "S-1-5-21-2037236562-2033616742-1485113978-513", "highvalue": false, "name": "DOMAIN USERS@ELFU.LOCAL", "distinguishedname": "CN=Domain Users,CN=Users,DC=elfu,DC=local", "admincount": false, "description": "All domain users"}, "Members": [], "Aces": [{"RightName": "Owner", "AceType": "", "IsInherited": false, "PrincipalSID": "S-1-5-21-2037236562-2033616742-1485113978-512", "PrincipalType": "Group"}, {"RightName": "GenericAll", "AceType": "", "IsInherited": false, "PrincipalSID": "S-1-5-21-2037236562-2033616742-1485113978-512", "PrincipalType": "Group"}, {"RightName": "GenericAll", "AceType": "", "IsInherited": false, "PrincipalSID": "ELFU.LOCAL-S-1-5-32-548", "PrincipalType": "Group"}, {"RightName": "GenericAll", "AceType": "", "IsInherited": true, "PrincipalSID": "S-1-5-21-2037236562-2033616742-1485113978-519", "PrincipalType": "Group"}, {"RightName": "GenericWrite", "AceType": "", "IsInherited": true, "PrincipalSID": "ELFU.LOCAL-S-1-5-32-544", "PrincipalType": "Group"}, {"RightName": "WriteOwner", "AceType": "", "IsInherited": true, "PrincipalSID": "ELFU.LOCAL-S-1-5-32-544", "PrincipalType": "Group"}, {"RightName": "WriteDacl", "AceType": "", "IsInherited": true, "PrincipalSID": "ELFU.LOCAL-S-1-5-32-544", "PrincipalType": "Group"}]},{"ObjectIdentifier": "S-1-5-21-2037236562-2033616742-1485113978-512", "Properties": {"domain": "ELFU.LOCAL", "objectid": "S-1-5-21-2037236562-2033616742-1485113978-512", "highvalue": true, "name": "DOMAIN ADMINS@ELFU.LOCAL", "distinguishedname": "CN=Domain Admins,CN=Users,DC=elfu,DC=local", "admincount": true, "description": "Designated administrators of the domain"}, "Members": [{"MemberId": "S-1-5-21-2037236562-2033616742-1485113978-1104", "MemberType": "User"}, {"MemberId": "S-1-5-21-2037236562-2033616742-1485113978-500", "MemberType": "User"}], "Aces": [{"RightName": "Owner", "AceType": "", "IsInherited": false, "PrincipalSID": "S-1-5-21-2037236562-2033616742-1485113978-512", "PrincipalType": "Group"}, {"RightName": "GenericWrite", "AceType": "", "IsInherited": false, "PrincipalSID": "S-1-5-21-2037236562-2033616742-1485113978-512", "PrincipalType": "Group"}, {"RightName": "WriteOwner", "AceType": "", "IsInherited": false, "PrincipalSID": "S-1-5-21-2037236562-2033616742-1485113978-512", "PrincipalType": "Group"}, {"RightName": "WriteDacl", "AceType": "", "IsInherited": false, "PrincipalSID": "S-1-5-21-2037236562-2033616742-1485113978-512", "PrincipalType": "Group"}, {"RightName": "GenericWrite", "AceType": "", "IsInherited": false, "PrincipalSID": "S-1-5-21-2037236562-2033616742-1485113978-519", "PrincipalType": "Group"}, {"RightName": "WriteOwner", "AceType": "", "IsInherited": false, "PrincipalSID": "S-1-5-21-2037236562-2033616742-1485113978-519", "PrincipalType": "Group"}, {"RightName": "WriteDacl", "AceType": "", "IsInherited": false, "PrincipalSID": "S-1-5-21-2037236562-2033616742-1485113978-519", "PrincipalType": "Group"}, {"RightName": "GenericWrite", "AceType": "", "IsInherited": false, "PrincipalSID": "ELFU.LOCAL-S-1-5-32-544", "PrincipalType": "Group"}, {"RightName": "WriteOwner", "AceType": "", "IsInherited": false, "PrincipalSID": "ELFU.LOCAL-S-1-5-32-544", "PrincipalType": "Group"}, {"RightName": "WriteDacl", "AceType": "", "IsInherited": false, "PrincipalSID": "ELFU.LOCAL-S-1-5-32-544", "PrincipalType": "Group"}]},{"ObjectIdentifier": "S-1-5-21-2037236562-2033616742-1485113978-519", "Properties": {"domain": "ELFU.LOCAL", "objectid": "S-1-5-21-2037236562-2033616742-1485113978-519", "highvalue": true, "name": "ENTERPRISE ADMINS@ELFU.LOCAL", "distinguishedname": "CN=Enterprise Admins,CN=Users,DC=elfu,DC=local", "admincount": true, "description": "Designated administrators of the enterprise"}, "Members": [{"MemberId": "S-1-5-21-2037236562-2033616742-1485113978-500", "MemberType": "User"}], "Aces": [{"RightName": "Owner", "AceType": "", "IsInherited": false, "PrincipalSID": "S-1-5-21-2037236562-2033616742-1485113978-512", "PrincipalType": "Group"}, {"RightName": "GenericWrite", "AceType": "", "IsInherited": false, "PrincipalSID": "S-1-5-21-2037236562-2033616742-1485113978-512", "PrincipalType": "Group"}, {"RightName": "WriteOwner", "AceType": "", "IsInherited": false, "PrincipalSID": "S-1-5-21-2037236562-2033616742-1485113978-512", "PrincipalType": "Group"}, {"RightName": "WriteDacl", "AceType": "", "IsInherited": false, "PrincipalSID": "S-1-5-21-2037236562-2033616742-1485113978-512", "PrincipalType": "Group"}, {"RightName": "GenericWrite", "AceType": "", "IsInherited": false, "PrincipalSID": "S-1-5-21-2037236562-2033616742-1485113978-519", "PrincipalType": "Group"}, {"RightName": "WriteOwner", "AceType": "", "IsInherited": false, "PrincipalSID": "S-1-5-21-2037236562-2033616742-1485113978-519", "PrincipalType": "Group"}, {"RightName": "WriteDacl", "AceType": "", "IsInherited": false, "PrincipalSID": "S-1-5-21-2037236562-2033616742-1485113978-519", "PrincipalType": "Group"}, {"RightName": "GenericWrite", "AceType": "", "IsInherited": false, "PrincipalSID": "ELFU.LOCAL-S-1-5-32-544", "PrincipalType": "Group"}, {"RightName": "WriteOwner", "AceType": "", "IsInherited": false, "PrincipalSID": "ELFU.LOCAL-S-1-5-32-544", "PrincipalType": "Group"}, {"RightName": "WriteDacl", "AceType": "", "IsInherited": false, "PrincipalSID": "ELFU.LOCAL-S-1-5-32-544", "PrincipalType": "Group"}]},{"ObjectIdentifier": "S-1-5-21-2037236562-2033616742-1485113978-517", "Properties": {"domain": "ELFU.LOCAL", "objectid": "S-1-5-21-2037236562-2033616742-1485113978-517", "highvalue": false, "name": "CERT PUBLISHERS@ELFU.LOCAL", "distinguishedname": "CN=Cert Publishers,CN=Users,DC=elfu,DC=local", "admincount": false, "description": "Members of this group are permitted to publish certificates to the directory"}, "Members": [], "Aces": [{"RightName": "Owner", "AceType": "", "IsInherited": false, "PrincipalSID": "S-1-5-21-2037236562-2033616742-1485113978-512", "PrincipalType": "Group"}, {"RightName": "GenericAll", "AceType": "", "IsInherited": false, "PrincipalSID": "S-1-5-21-2037236562-2033616742-1485113978-512", "PrincipalType": "Group"}, {"RightName": "GenericAll", "AceType": "", "IsInherited": false, "PrincipalSID": "ELFU.LOCAL-S-1-5-32-548", "PrincipalType": "Group"}, {"RightName": "GenericAll", "AceType": "", "IsInherited": true, "PrincipalSID": "S-1-5-21-2037236562-2033616742-1485113978-519", "PrincipalType": "Group"}, {"RightName": "GenericWrite", "AceType": "", "IsInherited": true, "PrincipalSID": "ELFU.LOCAL-S-1-5-32-544", "PrincipalType": "Group"}, {"RightName": "WriteOwner", "AceType": "", "IsInherited": true, "PrincipalSID": "ELFU.LOCAL-S-1-5-32-544", "PrincipalType": "Group"}, {"RightName": "WriteDacl", "AceType": "", "IsInherited": true, "PrincipalSID": "ELFU.LOCAL-S-1-5-32-544", "PrincipalType": "Group"}]},{"ObjectIdentifier": "S-1-5-21-2037236562-2033616742-1485113978-518", "Properties": {"domain": "ELFU.LOCAL", "objectid": "S-1-5-21-2037236562-2033616742-1485113978-518", "highvalue": false, "name": "SCHEMA ADMINS@ELFU.LOCAL", "distinguishedname": "CN=Schema Admins,CN=Users,DC=elfu,DC=local", "admincount": true, "description": "Designated administrators of the schema"}, "Members": [{"MemberId": "S-1-5-21-2037236562-2033616742-1485113978-500", "MemberType": "User"}], "Aces": [{"RightName": "Owner", "AceType": "", "IsInherited": false, "PrincipalSID": "S-1-5-21-2037236562-2033616742-1485113978-512", "PrincipalType": "Group"}, {"RightName": "GenericWrite", "AceType": "", "IsInherited": false, "PrincipalSID": "S-1-5-21-2037236562-2033616742-1485113978-512", "PrincipalType": "Group"}, {"RightName": "WriteOwner", "AceType": "", "IsInherited": false, "PrincipalSID": "S-1-5-21-2037236562-2033616742-1485113978-512", "PrincipalType": "Group"}, {"RightName": "WriteDacl", "AceType": "", "IsInherited": false, "PrincipalSID": "S-1-5-21-2037236562-2033616742-1485113978-512", "PrincipalType": "Group"}, {"RightName": "GenericWrite", "AceType": "", "IsInherited": false, "PrincipalSID": "S-1-5-21-2037236562-2033616742-1485113978-519", "PrincipalType": "Group"}, {"RightName": "WriteOwner", "AceType": "", "IsInherited": false, "PrincipalSID": "S-1-5-21-2037236562-2033616742-1485113978-519", "PrincipalType": "Group"}, {"RightName": "WriteDacl", "AceType": "", "IsInherited": false, "PrincipalSID": "S-1-5-21-2037236562-2033616742-1485113978-519", "PrincipalType": "Group"}, {"RightName": "GenericWrite", "AceType": "", "IsInherited": false, "PrincipalSID": "ELFU.LOCAL-S-1-5-32-544", "PrincipalType": "Group"}, {"RightName": "WriteOwner", "AceType": "", "IsInherited": false, "PrincipalSID": "ELFU.LOCAL-S-1-5-32-544", "PrincipalType": "Group"}, {"RightName": "WriteDacl", "AceType": "", "IsInherited": false, "PrincipalSID": "ELFU.LOCAL-S-1-5-32-544", "PrincipalType": "Group"}]},{"ObjectIdentifier": "S-1-5-21-2037236562-2033616742-1485113978-516", "Properties": {"domain": "ELFU.LOCAL", "objectid": "S-1-5-21-2037236562-2033616742-1485113978-516", "highvalue": true, "name": "DOMAIN CONTROLLERS@ELFU.LOCAL", "distinguishedname": "CN=Domain Controllers,CN=Users,DC=elfu,DC=local", "admincount": true, "description": "All domain controllers in the domain"}, "Members": [], "Aces": [{"RightName": "Owner", "AceType": "", "IsInherited": false, "PrincipalSID": "S-1-5-21-2037236562-2033616742-1485113978-512", "PrincipalType": "Group"}, {"RightName": "GenericWrite", "AceType": "", "IsInherited": false, "PrincipalSID": "S-1-5-21-2037236562-2033616742-1485113978-512", "PrincipalType": "Group"}, {"RightName": "WriteOwner", "AceType": "", "IsInherited": false, "PrincipalSID": "S-1-5-21-2037236562-2033616742-1485113978-512", "PrincipalType": "Group"}, {"RightName": "WriteDacl", "AceType": "", "IsInherited": false, "PrincipalSID": "S-1-5-21-2037236562-2033616742-1485113978-512", "PrincipalType": "Group"}, {"RightName": "GenericWrite", "AceType": "", "IsInherited": false, "PrincipalSID": "S-1-5-21-2037236562-2033616742-1485113978-519", "PrincipalType": "Group"}, {"RightName": "WriteOwner", "AceType": "", "IsInherited": false, "PrincipalSID": "S-1-5-21-2037236562-2033616742-1485113978-519", "PrincipalType": "Group"}, {"RightName": "WriteDacl", "AceType": "", "IsInherited": false, "PrincipalSID": "S-1-5-21-2037236562-2033616742-1485113978-519", "PrincipalType": "Group"}, {"RightName": "GenericWrite", "AceType": "", "IsInherited": false, "PrincipalSID": "ELFU.LOCAL-S-1-5-32-544", "PrincipalType": "Group"}, {"RightName": "WriteOwner", "AceType": "", "IsInherited": false, "PrincipalSID": "ELFU.LOCAL-S-1-5-32-544", "PrincipalType": "Group"}, {"RightName": "WriteDacl", "AceType": "", "IsInherited": false, "PrincipalSID": "ELFU.LOCAL-S-1-5-32-544", "PrincipalType": "Group"}]},{"ObjectIdentifier": "S-1-5-32-582", "Properties": {"domain": "ELFU.LOCAL", "objectid": "S-1-5-32-582", "highvalue": false, "name": "STORAGE REPLICA ADMINISTRATORS@ELFU.LOCAL", "distinguishedname": "CN=Storage Replica Administrators,CN=Builtin,DC=elfu,DC=local", "admincount": false, "description": "Members of this group have complete and unrestricted access to all features of Storage Replica."}, "Members": [], "Aces": [{"RightName": "Owner", "AceType": "", "IsInherited": false, "PrincipalSID": "ELFU.LOCAL-S-1-5-32-544", "PrincipalType": "Group"}, {"RightName": "GenericAll", "AceType": "", "IsInherited": false, "PrincipalSID": "S-1-5-21-2037236562-2033616742-1485113978-512", "PrincipalType": "Group"}, {"RightName": "GenericAll", "AceType": "", "IsInherited": false, "PrincipalSID": "ELFU.LOCAL-S-1-5-32-548", "PrincipalType": "Group"}, {"RightName": "GenericAll", "AceType": "", "IsInherited": true, "PrincipalSID": "S-1-5-21-2037236562-2033616742-1485113978-519", "PrincipalType": "Group"}, {"RightName": "GenericWrite", "AceType": "", "IsInherited": true, "PrincipalSID": "ELFU.LOCAL-S-1-5-32-544", "PrincipalType": "Group"}, {"RightName": "WriteOwner", "AceType": "", "IsInherited": true, "PrincipalSID": "ELFU.LOCAL-S-1-5-32-544", "PrincipalType": "Group"}, {"RightName": "WriteDacl", "AceType": "", "IsInherited": true, "PrincipalSID": "ELFU.LOCAL-S-1-5-32-544", "PrincipalType": "Group"}]},{"ObjectIdentifier": "S-1-5-21-2037236562-2033616742-1485113978-515", "Properties": {"domain": "ELFU.LOCAL", "objectid": "S-1-5-21-2037236562-2033616742-1485113978-515", "highvalue": false, "name": "DOMAIN COMPUTERS@ELFU.LOCAL", "distinguishedname": "CN=Domain Computers,CN=Users,DC=elfu,DC=local", "admincount": false, "description": "All workstations and servers joined to the domain"}, "Members": [], "Aces": [{"RightName": "Owner", "AceType": "", "IsInherited": false, "PrincipalSID": "S-1-5-21-2037236562-2033616742-1485113978-512", "PrincipalType": "Group"}, {"RightName": "GenericAll", "AceType": "", "IsInherited": false, "PrincipalSID": "S-1-5-21-2037236562-2033616742-1485113978-512", "PrincipalType": "Group"}, {"RightName": "GenericAll", "AceType": "", "IsInherited": false, "PrincipalSID": "ELFU.LOCAL-S-1-5-32-548", "PrincipalType": "Group"}, {"RightName": "GenericAll", "AceType": "", "IsInherited": true, "PrincipalSID": "S-1-5-21-2037236562-2033616742-1485113978-519", "PrincipalType": "Group"}, {"RightName": "GenericWrite", "AceType": "", "IsInherited": true, "PrincipalSID": "ELFU.LOCAL-S-1-5-32-544", "PrincipalType": "Group"}, {"RightName": "WriteOwner", "AceType": "", "IsInherited": true, "PrincipalSID": "ELFU.LOCAL-S-1-5-32-544", "PrincipalType": "Group"}, {"RightName": "WriteDacl", "AceType": "", "IsInherited": true, "PrincipalSID": "ELFU.LOCAL-S-1-5-32-544", "PrincipalType": "Group"}]},{"ObjectIdentifier": "ELFU.LOCAL-S-1-5-32-580", "Properties": {"domain": "ELFU.LOCAL", "objectid": "ELFU.LOCAL-S-1-5-32-580", "highvalue": false, "name": "REMOTE MANAGEMENT USERS@ELFU.LOCAL", "distinguishedname": "CN=Remote Management Users,CN=Builtin,DC=elfu,DC=local", "admincount": false, "description": "Members of this group can access WMI resources over management protocols (such as WS-Management via the Windows Remote Management service). This applies only to WMI namespaces that grant access to the user."}, "Members": [{"MemberId": "S-1-5-21-2037236562-2033616742-1485113978-1106", "MemberType": "User"}], "Aces": [{"RightName": "Owner", "AceType": "", "IsInherited": false, "PrincipalSID": "ELFU.LOCAL-S-1-5-32-544", "PrincipalType": "Group"}, {"RightName": "GenericAll", "AceType": "", "IsInherited": false, "PrincipalSID": "S-1-5-21-2037236562-2033616742-1485113978-512", "PrincipalType": "Group"}, {"RightName": "GenericAll", "AceType": "", "IsInherited": false, "PrincipalSID": "ELFU.LOCAL-S-1-5-32-548", "PrincipalType": "Group"}, {"RightName": "GenericAll", "AceType": "", "IsInherited": true, "PrincipalSID": "S-1-5-21-2037236562-2033616742-1485113978-519", "PrincipalType": "Group"}, {"RightName": "GenericWrite", "AceType": "", "IsInherited": true, "PrincipalSID": "ELFU.LOCAL-S-1-5-32-544", "PrincipalType": "Group"}, {"RightName": "WriteOwner", "AceType": "", "IsInherited": true, "PrincipalSID": "ELFU.LOCAL-S-1-5-32-544", "PrincipalType": "Group"}, {"RightName": "WriteDacl", "AceType": "", "IsInherited": true, "PrincipalSID": "ELFU.LOCAL-S-1-5-32-544", "PrincipalType": "Group"}]},{"ObjectIdentifier": "ELFU.LOCAL-S-1-5-32-579", "Properties": {"domain": "ELFU.LOCAL", "objectid": "ELFU.LOCAL-S-1-5-32-579", "highvalue": false, "name": "ACCESS CONTROL ASSISTANCE OPERATORS@ELFU.LOCAL", "distinguishedname": "CN=Access Control Assistance Operators,CN=Builtin,DC=elfu,DC=local", "admincount": false, "description": "Members of this group can remotely query authorization attributes and permissions for resources on this computer."}, "Members": [], "Aces": [{"RightName": "Owner", "AceType": "", "IsInherited": false, "PrincipalSID": "ELFU.LOCAL-S-1-5-32-544", "PrincipalType": "Group"}, {"RightName": "GenericAll", "AceType": "", "IsInherited": false, "PrincipalSID": "S-1-5-21-2037236562-2033616742-1485113978-512", "PrincipalType": "Group"}, {"RightName": "GenericAll", "AceType": "", "IsInherited": false, "PrincipalSID": "ELFU.LOCAL-S-1-5-32-548", "PrincipalType": "Group"}, {"RightName": "GenericAll", "AceType": "", "IsInherited": true, "PrincipalSID": "S-1-5-21-2037236562-2033616742-1485113978-519", "PrincipalType": "Group"}, {"RightName": "GenericWrite", "AceType": "", "IsInherited": true, "PrincipalSID": "ELFU.LOCAL-S-1-5-32-544", "PrincipalType": "Group"}, {"RightName": "WriteOwner", "AceType": "", "IsInherited": true, "PrincipalSID": "ELFU.LOCAL-S-1-5-32-544", "PrincipalType": "Group"}, {"RightName": "WriteDacl", "AceType": "", "IsInherited": true, "PrincipalSID": "ELFU.LOCAL-S-1-5-32-544", "PrincipalType": "Group"}]},{"ObjectIdentifier": "ELFU.LOCAL-S-1-5-32-577", "Properties": {"domain": "ELFU.LOCAL", "objectid": "ELFU.LOCAL-S-1-5-32-577", "highvalue": false, "name": "RDS MANAGEMENT SERVERS@ELFU.LOCAL", "distinguishedname": "CN=RDS Management Servers,CN=Builtin,DC=elfu,DC=local", "admincount": false, "description": "Servers in this group can perform routine administrative actions on servers running Remote Desktop Services. This group needs to be populated on all servers in a Remote Desktop Services deployment. The servers running the RDS Central Management service must be included in this group."}, "Members": [], "Aces": [{"RightName": "Owner", "AceType": "", "IsInherited": false, "PrincipalSID": "ELFU.LOCAL-S-1-5-32-544", "PrincipalType": "Group"}, {"RightName": "GenericAll", "AceType": "", "IsInherited": false, "PrincipalSID": "S-1-5-21-2037236562-2033616742-1485113978-512", "PrincipalType": "Group"}, {"RightName": "GenericAll", "AceType": "", "IsInherited": false, "PrincipalSID": "ELFU.LOCAL-S-1-5-32-548", "PrincipalType": "Group"}, {"RightName": "GenericAll", "AceType": "", "IsInherited": true, "PrincipalSID": "S-1-5-21-2037236562-2033616742-1485113978-519", "PrincipalType": "Group"}, {"RightName": "GenericWrite", "AceType": "", "IsInherited": true, "PrincipalSID": "ELFU.LOCAL-S-1-5-32-544", "PrincipalType": "Group"}, {"RightName": "WriteOwner", "AceType": "", "IsInherited": true, "PrincipalSID": "ELFU.LOCAL-S-1-5-32-544", "PrincipalType": "Group"}, {"RightName": "WriteDacl", "AceType": "", "IsInherited": true, "PrincipalSID": "ELFU.LOCAL-S-1-5-32-544", "PrincipalType": "Group"}]},{"ObjectIdentifier": "ELFU.LOCAL-S-1-5-32-578", "Properties": {"domain": "ELFU.LOCAL", "objectid": "ELFU.LOCAL-S-1-5-32-578", "highvalue": false, "name": "HYPER-V ADMINISTRATORS@ELFU.LOCAL", "distinguishedname": "CN=Hyper-V Administrators,CN=Builtin,DC=elfu,DC=local", "admincount": false, "description": "Members of this group have complete and unrestricted access to all features of Hyper-V."}, "Members": [], "Aces": [{"RightName": "Owner", "AceType": "", "IsInherited": false, "PrincipalSID": "ELFU.LOCAL-S-1-5-32-544", "PrincipalType": "Group"}, {"RightName": "GenericAll", "AceType": "", "IsInherited": false, "PrincipalSID": "S-1-5-21-2037236562-2033616742-1485113978-512", "PrincipalType": "Group"}, {"RightName": "GenericAll", "AceType": "", "IsInherited": false, "PrincipalSID": "ELFU.LOCAL-S-1-5-32-548", "PrincipalType": "Group"}, {"RightName": "GenericAll", "AceType": "", "IsInherited": true, "PrincipalSID": "S-1-5-21-2037236562-2033616742-1485113978-519", "PrincipalType": "Group"}, {"RightName": "GenericWrite", "AceType": "", "IsInherited": true, "PrincipalSID": "ELFU.LOCAL-S-1-5-32-544", "PrincipalType": "Group"}, {"RightName": "WriteOwner", "AceType": "", "IsInherited": true, "PrincipalSID": "ELFU.LOCAL-S-1-5-32-544", "PrincipalType": "Group"}, {"RightName": "WriteDacl", "AceType": "", "IsInherited": true, "PrincipalSID": "ELFU.LOCAL-S-1-5-32-544", "PrincipalType": "Group"}]},{"ObjectIdentifier": "ELFU.LOCAL-S-1-5-32-576", "Properties": {"domain": "ELFU.LOCAL", "objectid": "ELFU.LOCAL-S-1-5-32-576", "highvalue": false, "name": "RDS ENDPOINT SERVERS@ELFU.LOCAL", "distinguishedname": "CN=RDS Endpoint Servers,CN=Builtin,DC=elfu,DC=local", "admincount": false, "description": "Servers in this group run virtual machines and host sessions where users RemoteApp programs and personal virtual desktops run. This group needs to be populated on servers running RD Connection Broker. RD Session Host servers and RD Virtualization Host servers used in the deployment need to be in this group."}, "Members": [], "Aces": [{"RightName": "Owner", "AceType": "", "IsInherited": false, "PrincipalSID": "ELFU.LOCAL-S-1-5-32-544", "PrincipalType": "Group"}, {"RightName": "GenericAll", "AceType": "", "IsInherited": false, "PrincipalSID": "S-1-5-21-2037236562-2033616742-1485113978-512", "PrincipalType": "Group"}, {"RightName": "GenericAll", "AceType": "", "IsInherited": false, "PrincipalSID": "ELFU.LOCAL-S-1-5-32-548", "PrincipalType": "Group"}, {"RightName": "GenericAll", "AceType": "", "IsInherited": true, "PrincipalSID": "S-1-5-21-2037236562-2033616742-1485113978-519", "PrincipalType": "Group"}, {"RightName": "GenericWrite", "AceType": "", "IsInherited": true, "PrincipalSID": "ELFU.LOCAL-S-1-5-32-544", "PrincipalType": "Group"}, {"RightName": "WriteOwner", "AceType": "", "IsInherited": true, "PrincipalSID": "ELFU.LOCAL-S-1-5-32-544", "PrincipalType": "Group"}, {"RightName": "WriteDacl", "AceType": "", "IsInherited": true, "PrincipalSID": "ELFU.LOCAL-S-1-5-32-544", "PrincipalType": "Group"}]},{"ObjectIdentifier": "ELFU.LOCAL-S-1-5-32-575", "Properties": {"domain": "ELFU.LOCAL", "objectid": "ELFU.LOCAL-S-1-5-32-575", "highvalue": false, "name": "RDS REMOTE ACCESS SERVERS@ELFU.LOCAL", "distinguishedname": "CN=RDS Remote Access Servers,CN=Builtin,DC=elfu,DC=local", "admincount": false, "description": "Servers in this group enable users of RemoteApp programs and personal virtual desktops access to these resources. In Internet-facing deployments, these servers are typically deployed in an edge network. This group needs to be populated on servers running RD Connection Broker. RD Gateway servers and RD Web Access servers used in the deployment need to be in this group."}, "Members": [], "Aces": [{"RightName": "Owner", "AceType": "", "IsInherited": false, "PrincipalSID": "ELFU.LOCAL-S-1-5-32-544", "PrincipalType": "Group"}, {"RightName": "GenericAll", "AceType": "", "IsInherited": false, "PrincipalSID": "S-1-5-21-2037236562-2033616742-1485113978-512", "PrincipalType": "Group"}, {"RightName": "GenericAll", "AceType": "", "IsInherited": false, "PrincipalSID": "ELFU.LOCAL-S-1-5-32-548", "PrincipalType": "Group"}, {"RightName": "GenericAll", "AceType": "", "IsInherited": true, "PrincipalSID": "S-1-5-21-2037236562-2033616742-1485113978-519", "PrincipalType": "Group"}, {"RightName": "GenericWrite", "AceType": "", "IsInherited": true, "PrincipalSID": "ELFU.LOCAL-S-1-5-32-544", "PrincipalType": "Group"}, {"RightName": "WriteOwner", "AceType": "", "IsInherited": true, "PrincipalSID": "ELFU.LOCAL-S-1-5-32-544", "PrincipalType": "Group"}, {"RightName": "WriteDacl", "AceType": "", "IsInherited": true, "PrincipalSID": "ELFU.LOCAL-S-1-5-32-544", "PrincipalType": "Group"}]},{"ObjectIdentifier": "ELFU.LOCAL-S-1-5-32-574", "Properties": {"domain": "ELFU.LOCAL", "objectid": "ELFU.LOCAL-S-1-5-32-574", "highvalue": false, "name": "CERTIFICATE SERVICE DCOM ACCESS@ELFU.LOCAL", "distinguishedname": "CN=Certificate Service DCOM Access,CN=Builtin,DC=elfu,DC=local", "admincount": false, "description": "Members of this group are allowed to connect to Certification Authorities in the enterprise"}, "Members": [], "Aces": [{"RightName": "Owner", "AceType": "", "IsInherited": false, "PrincipalSID": "ELFU.LOCAL-S-1-5-32-544", "PrincipalType": "Group"}, {"RightName": "GenericAll", "AceType": "", "IsInherited": false, "PrincipalSID": "S-1-5-21-2037236562-2033616742-1485113978-512", "PrincipalType": "Group"}, {"RightName": "GenericAll", "AceType": "", "IsInherited": false, "PrincipalSID": "ELFU.LOCAL-S-1-5-32-548", "PrincipalType": "Group"}, {"RightName": "GenericAll", "AceType": "", "IsInherited": true, "PrincipalSID": "S-1-5-21-2037236562-2033616742-1485113978-519", "PrincipalType": "Group"}, {"RightName": "GenericWrite", "AceType": "", "IsInherited": true, "PrincipalSID": "ELFU.LOCAL-S-1-5-32-544", "PrincipalType": "Group"}, {"RightName": "WriteOwner", "AceType": "", "IsInherited": true, "PrincipalSID": "ELFU.LOCAL-S-1-5-32-544", "PrincipalType": "Group"}, {"RightName": "WriteDacl", "AceType": "", "IsInherited": true, "PrincipalSID": "ELFU.LOCAL-S-1-5-32-544", "PrincipalType": "Group"}]},{"ObjectIdentifier": "ELFU.LOCAL-S-1-5-32-573", "Properties": {"domain": "ELFU.LOCAL", "objectid": "ELFU.LOCAL-S-1-5-32-573", "highvalue": false, "name": "EVENT LOG READERS@ELFU.LOCAL", "distinguishedname": "CN=Event Log Readers,CN=Builtin,DC=elfu,DC=local", "admincount": false, "description": "Members of this group can read event logs from local machine"}, "Members": [], "Aces": [{"RightName": "Owner", "AceType": "", "IsInherited": false, "PrincipalSID": "ELFU.LOCAL-S-1-5-32-544", "PrincipalType": "Group"}, {"RightName": "GenericAll", "AceType": "", "IsInherited": false, "PrincipalSID": "S-1-5-21-2037236562-2033616742-1485113978-512", "PrincipalType": "Group"}, {"RightName": "GenericAll", "AceType": "", "IsInherited": false, "PrincipalSID": "ELFU.LOCAL-S-1-5-32-548", "PrincipalType": "Group"}, {"RightName": "GenericAll", "AceType": "", "IsInherited": true, "PrincipalSID": "S-1-5-21-2037236562-2033616742-1485113978-519", "PrincipalType": "Group"}, {"RightName": "GenericWrite", "AceType": "", "IsInherited": true, "PrincipalSID": "ELFU.LOCAL-S-1-5-32-544", "PrincipalType": "Group"}, {"RightName": "WriteOwner", "AceType": "", "IsInherited": true, "PrincipalSID": "ELFU.LOCAL-S-1-5-32-544", "PrincipalType": "Group"}, {"RightName": "WriteDacl", "AceType": "", "IsInherited": true, "PrincipalSID": "ELFU.LOCAL-S-1-5-32-544", "PrincipalType": "Group"}]},{"ObjectIdentifier": "ELFU.LOCAL-S-1-5-32-569", "Properties": {"domain": "ELFU.LOCAL", "objectid": "ELFU.LOCAL-S-1-5-32-569", "highvalue": false, "name": "CRYPTOGRAPHIC OPERATORS@ELFU.LOCAL", "distinguishedname": "CN=Cryptographic Operators,CN=Builtin,DC=elfu,DC=local", "admincount": false, "description": "Members are authorized to perform cryptographic operations."}, "Members": [], "Aces": [{"RightName": "Owner", "AceType": "", "IsInherited": false, "PrincipalSID": "ELFU.LOCAL-S-1-5-32-544", "PrincipalType": "Group"}, {"RightName": "GenericAll", "AceType": "", "IsInherited": false, "PrincipalSID": "S-1-5-21-2037236562-2033616742-1485113978-512", "PrincipalType": "Group"}, {"RightName": "GenericAll", "AceType": "", "IsInherited": false, "PrincipalSID": "ELFU.LOCAL-S-1-5-32-548", "PrincipalType": "Group"}, {"RightName": "GenericAll", "AceType": "", "IsInherited": true, "PrincipalSID": "S-1-5-21-2037236562-2033616742-1485113978-519", "PrincipalType": "Group"}, {"RightName": "GenericWrite", "AceType": "", "IsInherited": true, "PrincipalSID": "ELFU.LOCAL-S-1-5-32-544", "PrincipalType": "Group"}, {"RightName": "WriteOwner", "AceType": "", "IsInherited": true, "PrincipalSID": "ELFU.LOCAL-S-1-5-32-544", "PrincipalType": "Group"}, {"RightName": "WriteDacl", "AceType": "", "IsInherited": true, "PrincipalSID": "ELFU.LOCAL-S-1-5-32-544", "PrincipalType": "Group"}]},{"ObjectIdentifier": "ELFU.LOCAL-S-1-5-32-568", "Properties": {"domain": "ELFU.LOCAL", "objectid": "ELFU.LOCAL-S-1-5-32-568", "highvalue": false, "name": "IIS_IUSRS@ELFU.LOCAL", "distinguishedname": "CN=IIS_IUSRS,CN=Builtin,DC=elfu,DC=local", "admincount": false, "description": "Built-in group used by Internet Information Services."}, "Members": [{"MemberId": "ELFU.LOCAL-S-1-5-17", "MemberType": "Group"}], "Aces": [{"RightName": "Owner", "AceType": "", "IsInherited": false, "PrincipalSID": "ELFU.LOCAL-S-1-5-32-544", "PrincipalType": "Group"}, {"RightName": "GenericAll", "AceType": "", "IsInherited": false, "PrincipalSID": "S-1-5-21-2037236562-2033616742-1485113978-512", "PrincipalType": "Group"}, {"RightName": "GenericAll", "AceType": "", "IsInherited": false, "PrincipalSID": "ELFU.LOCAL-S-1-5-32-548", "PrincipalType": "Group"}, {"RightName": "GenericAll", "AceType": "", "IsInherited": true, "PrincipalSID": "S-1-5-21-2037236562-2033616742-1485113978-519", "PrincipalType": "Group"}, {"RightName": "GenericWrite", "AceType": "", "IsInherited": true, "PrincipalSID": "ELFU.LOCAL-S-1-5-32-544", "PrincipalType": "Group"}, {"RightName": "WriteOwner", "AceType": "", "IsInherited": true, "PrincipalSID": "ELFU.LOCAL-S-1-5-32-544", "PrincipalType": "Group"}, {"RightName": "WriteDacl", "AceType": "", "IsInherited": true, "PrincipalSID": "ELFU.LOCAL-S-1-5-32-544", "PrincipalType": "Group"}]},{"ObjectIdentifier": "ELFU.LOCAL-S-1-5-32-562", "Properties": {"domain": "ELFU.LOCAL", "objectid": "ELFU.LOCAL-S-1-5-32-562", "highvalue": false, "name": "DISTRIBUTED COM USERS@ELFU.LOCAL", "distinguishedname": "CN=Distributed COM Users,CN=Builtin,DC=elfu,DC=local", "admincount": false, "description": "Members are allowed to launch, activate and use Distributed COM objects on this machine."}, "Members": [], "Aces": [{"RightName": "Owner", "AceType": "", "IsInherited": false, "PrincipalSID": "ELFU.LOCAL-S-1-5-32-544", "PrincipalType": "Group"}, {"RightName": "GenericAll", "AceType": "", "IsInherited": false, "PrincipalSID": "S-1-5-21-2037236562-2033616742-1485113978-512", "PrincipalType": "Group"}, {"RightName": "GenericAll", "AceType": "", "IsInherited": false, "PrincipalSID": "ELFU.LOCAL-S-1-5-32-548", "PrincipalType": "Group"}, {"RightName": "GenericAll", "AceType": "", "IsInherited": true, "PrincipalSID": "S-1-5-21-2037236562-2033616742-1485113978-519", "PrincipalType": "Group"}, {"RightName": "GenericWrite", "AceType": "", "IsInherited": true, "PrincipalSID": "ELFU.LOCAL-S-1-5-32-544", "PrincipalType": "Group"}, {"RightName": "WriteOwner", "AceType": "", "IsInherited": true, "PrincipalSID": "ELFU.LOCAL-S-1-5-32-544", "PrincipalType": "Group"}, {"RightName": "WriteDacl", "AceType": "", "IsInherited": true, "PrincipalSID": "ELFU.LOCAL-S-1-5-32-544", "PrincipalType": "Group"}]},{"ObjectIdentifier": "ELFU.LOCAL-S-1-5-32-558", "Properties": {"domain": "ELFU.LOCAL", "objectid": "ELFU.LOCAL-S-1-5-32-558", "highvalue": false, "name": "PERFORMANCE MONITOR USERS@ELFU.LOCAL", "distinguishedname": "CN=Performance Monitor Users,CN=Builtin,DC=elfu,DC=local", "admincount": false, "description": "Members of this group can access performance counter data locally and remotely"}, "Members": [], "Aces": [{"RightName": "Owner", "AceType": "", "IsInherited": false, "PrincipalSID": "ELFU.LOCAL-S-1-5-32-544", "PrincipalType": "Group"}, {"RightName": "GenericAll", "AceType": "", "IsInherited": false, "PrincipalSID": "S-1-5-21-2037236562-2033616742-1485113978-512", "PrincipalType": "Group"}, {"RightName": "GenericAll", "AceType": "", "IsInherited": false, "PrincipalSID": "ELFU.LOCAL-S-1-5-32-548", "PrincipalType": "Group"}, {"RightName": "GenericAll", "AceType": "", "IsInherited": true, "PrincipalSID": "S-1-5-21-2037236562-2033616742-1485113978-519", "PrincipalType": "Group"}, {"RightName": "GenericWrite", "AceType": "", "IsInherited": true, "PrincipalSID": "ELFU.LOCAL-S-1-5-32-544", "PrincipalType": "Group"}, {"RightName": "WriteOwner", "AceType": "", "IsInherited": true, "PrincipalSID": "ELFU.LOCAL-S-1-5-32-544", "PrincipalType": "Group"}, {"RightName": "WriteDacl", "AceType": "", "IsInherited": true, "PrincipalSID": "ELFU.LOCAL-S-1-5-32-544", "PrincipalType": "Group"}]},{"ObjectIdentifier": "ELFU.LOCAL-S-1-5-32-559", "Properties": {"domain": "ELFU.LOCAL", "objectid": "ELFU.LOCAL-S-1-5-32-559", "highvalue": false, "name": "PERFORMANCE LOG USERS@ELFU.LOCAL", "distinguishedname": "CN=Performance Log Users,CN=Builtin,DC=elfu,DC=local", "admincount": false, "description": "Members of this group may schedule logging of performance counters, enable trace providers, and collect event traces both locally and via remote access to this computer"}, "Members": [], "Aces": [{"RightName": "Owner", "AceType": "", "IsInherited": false, "PrincipalSID": "ELFU.LOCAL-S-1-5-32-544", "PrincipalType": "Group"}, {"RightName": "GenericAll", "AceType": "", "IsInherited": false, "PrincipalSID": "S-1-5-21-2037236562-2033616742-1485113978-512", "PrincipalType": "Group"}, {"RightName": "GenericAll", "AceType": "", "IsInherited": false, "PrincipalSID": "ELFU.LOCAL-S-1-5-32-548", "PrincipalType": "Group"}, {"RightName": "GenericAll", "AceType": "", "IsInherited": true, "PrincipalSID": "S-1-5-21-2037236562-2033616742-1485113978-519", "PrincipalType": "Group"}, {"RightName": "GenericWrite", "AceType": "", "IsInherited": true, "PrincipalSID": "ELFU.LOCAL-S-1-5-32-544", "PrincipalType": "Group"}, {"RightName": "WriteOwner", "AceType": "", "IsInherited": true, "PrincipalSID": "ELFU.LOCAL-S-1-5-32-544", "PrincipalType": "Group"}, {"RightName": "WriteDacl", "AceType": "", "IsInherited": true, "PrincipalSID": "ELFU.LOCAL-S-1-5-32-544", "PrincipalType": "Group"}]},{"ObjectIdentifier": "ELFU.LOCAL-S-1-5-32-556", "Properties": {"domain": "ELFU.LOCAL", "objectid": "ELFU.LOCAL-S-1-5-32-556", "highvalue": false, "name": "NETWORK CONFIGURATION OPERATORS@ELFU.LOCAL", "distinguishedname": "CN=Network Configuration Operators,CN=Builtin,DC=elfu,DC=local", "admincount": false, "description": "Members in this group can have some administrative privileges to manage configuration of networking features"}, "Members": [], "Aces": [{"RightName": "Owner", "AceType": "", "IsInherited": false, "PrincipalSID": "ELFU.LOCAL-S-1-5-32-544", "PrincipalType": "Group"}, {"RightName": "GenericAll", "AceType": "", "IsInherited": false, "PrincipalSID": "S-1-5-21-2037236562-2033616742-1485113978-512", "PrincipalType": "Group"}, {"RightName": "GenericAll", "AceType": "", "IsInherited": false, "PrincipalSID": "ELFU.LOCAL-S-1-5-32-548", "PrincipalType": "Group"}, {"RightName": "GenericAll", "AceType": "", "IsInherited": true, "PrincipalSID": "S-1-5-21-2037236562-2033616742-1485113978-519", "PrincipalType": "Group"}, {"RightName": "GenericWrite", "AceType": "", "IsInherited": true, "PrincipalSID": "ELFU.LOCAL-S-1-5-32-544", "PrincipalType": "Group"}, {"RightName": "WriteOwner", "AceType": "", "IsInherited": true, "PrincipalSID": "ELFU.LOCAL-S-1-5-32-544", "PrincipalType": "Group"}, {"RightName": "WriteDacl", "AceType": "", "IsInherited": true, "PrincipalSID": "ELFU.LOCAL-S-1-5-32-544", "PrincipalType": "Group"}]},{"ObjectIdentifier": "ELFU.LOCAL-S-1-5-32-555", "Properties": {"domain": "ELFU.LOCAL", "objectid": "ELFU.LOCAL-S-1-5-32-555", "highvalue": false, "name": "REMOTE DESKTOP USERS@ELFU.LOCAL", "distinguishedname": "CN=Remote Desktop Users,CN=Builtin,DC=elfu,DC=local", "admincount": false, "description": "Members in this group are granted the right to logon remotely"}, "Members": [], "Aces": [{"RightName": "Owner", "AceType": "", "IsInherited": false, "PrincipalSID": "ELFU.LOCAL-S-1-5-32-544", "PrincipalType": "Group"}, {"RightName": "GenericAll", "AceType": "", "IsInherited": false, "PrincipalSID": "S-1-5-21-2037236562-2033616742-1485113978-512", "PrincipalType": "Group"}, {"RightName": "GenericAll", "AceType": "", "IsInherited": false, "PrincipalSID": "ELFU.LOCAL-S-1-5-32-548", "PrincipalType": "Group"}, {"RightName": "GenericAll", "AceType": "", "IsInherited": true, "PrincipalSID": "S-1-5-21-2037236562-2033616742-1485113978-519", "PrincipalType": "Group"}, {"RightName": "GenericWrite", "AceType": "", "IsInherited": true, "PrincipalSID": "ELFU.LOCAL-S-1-5-32-544", "PrincipalType": "Group"}, {"RightName": "WriteOwner", "AceType": "", "IsInherited": true, "PrincipalSID": "ELFU.LOCAL-S-1-5-32-544", "PrincipalType": "Group"}, {"RightName": "WriteDacl", "AceType": "", "IsInherited": true, "PrincipalSID": "ELFU.LOCAL-S-1-5-32-544", "PrincipalType": "Group"}]},{"ObjectIdentifier": "ELFU.LOCAL-S-1-5-32-552", "Properties": {"domain": "ELFU.LOCAL", "objectid": "ELFU.LOCAL-S-1-5-32-552", "highvalue": false, "name": "REPLICATOR@ELFU.LOCAL", "distinguishedname": "CN=Replicator,CN=Builtin,DC=elfu,DC=local", "admincount": true, "description": "Supports file replication in a domain"}, "Members": [], "Aces": [{"RightName": "Owner", "AceType": "", "IsInherited": false, "PrincipalSID": "S-1-5-21-2037236562-2033616742-1485113978-512", "PrincipalType": "Group"}, {"RightName": "GenericWrite", "AceType": "", "IsInherited": false, "PrincipalSID": "S-1-5-21-2037236562-2033616742-1485113978-512", "PrincipalType": "Group"}, {"RightName": "WriteOwner", "AceType": "", "IsInherited": false, "PrincipalSID": "S-1-5-21-2037236562-2033616742-1485113978-512", "PrincipalType": "Group"}, {"RightName": "WriteDacl", "AceType": "", "IsInherited": false, "PrincipalSID": "S-1-5-21-2037236562-2033616742-1485113978-512", "PrincipalType": "Group"}, {"RightName": "GenericWrite", "AceType": "", "IsInherited": false, "PrincipalSID": "S-1-5-21-2037236562-2033616742-1485113978-519", "PrincipalType": "Group"}, {"RightName": "WriteOwner", "AceType": "", "IsInherited": false, "PrincipalSID": "S-1-5-21-2037236562-2033616742-1485113978-519", "PrincipalType": "Group"}, {"RightName": "WriteDacl", "AceType": "", "IsInherited": false, "PrincipalSID": "S-1-5-21-2037236562-2033616742-1485113978-519", "PrincipalType": "Group"}, {"RightName": "GenericWrite", "AceType": "", "IsInherited": false, "PrincipalSID": "ELFU.LOCAL-S-1-5-32-544", "PrincipalType": "Group"}, {"RightName": "WriteOwner", "AceType": "", "IsInherited": false, "PrincipalSID": "ELFU.LOCAL-S-1-5-32-544", "PrincipalType": "Group"}, {"RightName": "WriteDacl", "AceType": "", "IsInherited": false, "PrincipalSID": "ELFU.LOCAL-S-1-5-32-544", "PrincipalType": "Group"}]},{"ObjectIdentifier": "ELFU.LOCAL-S-1-5-32-551", "Properties": {"domain": "ELFU.LOCAL", "objectid": "ELFU.LOCAL-S-1-5-32-551", "highvalue": true, "name": "BACKUP OPERATORS@ELFU.LOCAL", "distinguishedname": "CN=Backup Operators,CN=Builtin,DC=elfu,DC=local", "admincount": true, "description": "Backup Operators can override security restrictions for the sole purpose of backing up or restoring files"}, "Members": [], "Aces": [{"RightName": "Owner", "AceType": "", "IsInherited": false, "PrincipalSID": "S-1-5-21-2037236562-2033616742-1485113978-512", "PrincipalType": "Group"}, {"RightName": "GenericWrite", "AceType": "", "IsInherited": false, "PrincipalSID": "S-1-5-21-2037236562-2033616742-1485113978-512", "PrincipalType": "Group"}, {"RightName": "WriteOwner", "AceType": "", "IsInherited": false, "PrincipalSID": "S-1-5-21-2037236562-2033616742-1485113978-512", "PrincipalType": "Group"}, {"RightName": "WriteDacl", "AceType": "", "IsInherited": false, "PrincipalSID": "S-1-5-21-2037236562-2033616742-1485113978-512", "PrincipalType": "Group"}, {"RightName": "GenericWrite", "AceType": "", "IsInherited": false, "PrincipalSID": "S-1-5-21-2037236562-2033616742-1485113978-519", "PrincipalType": "Group"}, {"RightName": "WriteOwner", "AceType": "", "IsInherited": false, "PrincipalSID": "S-1-5-21-2037236562-2033616742-1485113978-519", "PrincipalType": "Group"}, {"RightName": "WriteDacl", "AceType": "", "IsInherited": false, "PrincipalSID": "S-1-5-21-2037236562-2033616742-1485113978-519", "PrincipalType": "Group"}, {"RightName": "GenericWrite", "AceType": "", "IsInherited": false, "PrincipalSID": "ELFU.LOCAL-S-1-5-32-544", "PrincipalType": "Group"}, {"RightName": "WriteOwner", "AceType": "", "IsInherited": false, "PrincipalSID": "ELFU.LOCAL-S-1-5-32-544", "PrincipalType": "Group"}, {"RightName": "WriteDacl", "AceType": "", "IsInherited": false, "PrincipalSID": "ELFU.LOCAL-S-1-5-32-544", "PrincipalType": "Group"}]},{"ObjectIdentifier": "ELFU.LOCAL-S-1-5-32-550", "Properties": {"domain": "ELFU.LOCAL", "objectid": "ELFU.LOCAL-S-1-5-32-550", "highvalue": true, "name": "PRINT OPERATORS@ELFU.LOCAL", "distinguishedname": "CN=Print Operators,CN=Builtin,DC=elfu,DC=local", "admincount": true, "description": "Members can administer printers installed on domain controllers"}, "Members": [], "Aces": [{"RightName": "Owner", "AceType": "", "IsInherited": false, "PrincipalSID": "S-1-5-21-2037236562-2033616742-1485113978-512", "PrincipalType": "Group"}, {"RightName": "GenericWrite", "AceType": "", "IsInherited": false, "PrincipalSID": "S-1-5-21-2037236562-2033616742-1485113978-512", "PrincipalType": "Group"}, {"RightName": "WriteOwner", "AceType": "", "IsInherited": false, "PrincipalSID": "S-1-5-21-2037236562-2033616742-1485113978-512", "PrincipalType": "Group"}, {"RightName": "WriteDacl", "AceType": "", "IsInherited": false, "PrincipalSID": "S-1-5-21-2037236562-2033616742-1485113978-512", "PrincipalType": "Group"}, {"RightName": "GenericWrite", "AceType": "", "IsInherited": false, "PrincipalSID": "S-1-5-21-2037236562-2033616742-1485113978-519", "PrincipalType": "Group"}, {"RightName": "WriteOwner", "AceType": "", "IsInherited": false, "PrincipalSID": "S-1-5-21-2037236562-2033616742-1485113978-519", "PrincipalType": "Group"}, {"RightName": "WriteDacl", "AceType": "", "IsInherited": false, "PrincipalSID": "S-1-5-21-2037236562-2033616742-1485113978-519", "PrincipalType": "Group"}, {"RightName": "GenericWrite", "AceType": "", "IsInherited": false, "PrincipalSID": "ELFU.LOCAL-S-1-5-32-544", "PrincipalType": "Group"}, {"RightName": "WriteOwner", "AceType": "", "IsInherited": false, "PrincipalSID": "ELFU.LOCAL-S-1-5-32-544", "PrincipalType": "Group"}, {"RightName": "WriteDacl", "AceType": "", "IsInherited": false, "PrincipalSID": "ELFU.LOCAL-S-1-5-32-544", "PrincipalType": "Group"}]},{"ObjectIdentifier": "ELFU.LOCAL-S-1-5-32-546", "Properties": {"domain": "ELFU.LOCAL", "objectid": "ELFU.LOCAL-S-1-5-32-546", "highvalue": false, "name": "GUESTS@ELFU.LOCAL", "distinguishedname": "CN=Guests,CN=Builtin,DC=elfu,DC=local", "admincount": false, "description": "Guests have the same access as members of the Users group by default, except for the Guest account which is further restricted"}, "Members": [{"MemberId": "S-1-5-21-2037236562-2033616742-1485113978-514", "MemberType": "Group"}, {"MemberId": "S-1-5-21-2037236562-2033616742-1485113978-501", "MemberType": "User"}], "Aces": [{"RightName": "Owner", "AceType": "", "IsInherited": false, "PrincipalSID": "ELFU.LOCAL-S-1-5-32-544", "PrincipalType": "Group"}, {"RightName": "GenericAll", "AceType": "", "IsInherited": false, "PrincipalSID": "S-1-5-21-2037236562-2033616742-1485113978-512", "PrincipalType": "Group"}, {"RightName": "GenericAll", "AceType": "", "IsInherited": false, "PrincipalSID": "ELFU.LOCAL-S-1-5-32-548", "PrincipalType": "Group"}, {"RightName": "GenericAll", "AceType": "", "IsInherited": true, "PrincipalSID": "S-1-5-21-2037236562-2033616742-1485113978-519", "PrincipalType": "Group"}, {"RightName": "GenericWrite", "AceType": "", "IsInherited": true, "PrincipalSID": "ELFU.LOCAL-S-1-5-32-544", "PrincipalType": "Group"}, {"RightName": "WriteOwner", "AceType": "", "IsInherited": true, "PrincipalSID": "ELFU.LOCAL-S-1-5-32-544", "PrincipalType": "Group"}, {"RightName": "WriteDacl", "AceType": "", "IsInherited": true, "PrincipalSID": "ELFU.LOCAL-S-1-5-32-544", "PrincipalType": "Group"}]},{"ObjectIdentifier": "ELFU.LOCAL-S-1-5-32-545", "Properties": {"domain": "ELFU.LOCAL", "objectid": "ELFU.LOCAL-S-1-5-32-545", "highvalue": false, "name": "USERS@ELFU.LOCAL", "distinguishedname": "CN=Users,CN=Builtin,DC=elfu,DC=local", "admincount": false, "description": "Users are prevented from making accidental or intentional system-wide changes and can run most applications"}, "Members": [{"MemberId": "S-1-5-21-2037236562-2033616742-1485113978-513", "MemberType": "Group"}, {"MemberId": "ELFU.LOCAL-S-1-5-11", "MemberType": "Group"}, {"MemberId": "ELFU.LOCAL-S-1-5-4", "MemberType": "Group"}], "Aces": [{"RightName": "Owner", "AceType": "", "IsInherited": false, "PrincipalSID": "ELFU.LOCAL-S-1-5-32-544", "PrincipalType": "Group"}, {"RightName": "GenericAll", "AceType": "", "IsInherited": false, "PrincipalSID": "S-1-5-21-2037236562-2033616742-1485113978-512", "PrincipalType": "Group"}, {"RightName": "GenericAll", "AceType": "", "IsInherited": false, "PrincipalSID": "ELFU.LOCAL-S-1-5-32-548", "PrincipalType": "Group"}, {"RightName": "GenericAll", "AceType": "", "IsInherited": true, "PrincipalSID": "S-1-5-21-2037236562-2033616742-1485113978-519", "PrincipalType": "Group"}, {"RightName": "GenericWrite", "AceType": "", "IsInherited": true, "PrincipalSID": "ELFU.LOCAL-S-1-5-32-544", "PrincipalType": "Group"}, {"RightName": "WriteOwner", "AceType": "", "IsInherited": true, "PrincipalSID": "ELFU.LOCAL-S-1-5-32-544", "PrincipalType": "Group"}, {"RightName": "WriteDacl", "AceType": "", "IsInherited": true, "PrincipalSID": "ELFU.LOCAL-S-1-5-32-544", "PrincipalType": "Group"}]},{"ObjectIdentifier": "ELFU.LOCAL-S-1-5-32-544", "Properties": {"domain": "ELFU.LOCAL", "objectid": "ELFU.LOCAL-S-1-5-32-544", "highvalue": true, "name": "ADMINISTRATORS@ELFU.LOCAL", "distinguishedname": "CN=Administrators,CN=Builtin,DC=elfu,DC=local", "admincount": true, "description": "Administrators have complete and unrestricted access to the computer/domain"}, "Members": [{"MemberId": "S-1-5-21-2037236562-2033616742-1485113978-512", "MemberType": "Group"}, {"MemberId": "S-1-5-21-2037236562-2033616742-1485113978-519", "MemberType": "Group"}, {"MemberId": "S-1-5-21-2037236562-2033616742-1485113978-1000", "MemberType": "User"}, {"MemberId": "S-1-5-21-2037236562-2033616742-1485113978-500", "MemberType": "User"}], "Aces": [{"RightName": "Owner", "AceType": "", "IsInherited": false, "PrincipalSID": "S-1-5-21-2037236562-2033616742-1485113978-512", "PrincipalType": "Group"}, {"RightName": "GenericWrite", "AceType": "", "IsInherited": false, "PrincipalSID": "S-1-5-21-2037236562-2033616742-1485113978-512", "PrincipalType": "Group"}, {"RightName": "WriteOwner", "AceType": "", "IsInherited": false, "PrincipalSID": "S-1-5-21-2037236562-2033616742-1485113978-512", "PrincipalType": "Group"}, {"RightName": "WriteDacl", "AceType": "", "IsInherited": false, "PrincipalSID": "S-1-5-21-2037236562-2033616742-1485113978-512", "PrincipalType": "Group"}, {"RightName": "GenericWrite", "AceType": "", "IsInherited": false, "PrincipalSID": "S-1-5-21-2037236562-2033616742-1485113978-519", "PrincipalType": "Group"}, {"RightName": "WriteOwner", "AceType": "", "IsInherited": false, "PrincipalSID": "S-1-5-21-2037236562-2033616742-1485113978-519", "PrincipalType": "Group"}, {"RightName": "WriteDacl", "AceType": "", "IsInherited": false, "PrincipalSID": "S-1-5-21-2037236562-2033616742-1485113978-519", "PrincipalType": "Group"}, {"RightName": "GenericWrite", "AceType": "", "IsInherited": false, "PrincipalSID": "ELFU.LOCAL-S-1-5-32-544", "PrincipalType": "Group"}, {"RightName": "WriteOwner", "AceType": "", "IsInherited": false, "PrincipalSID": "ELFU.LOCAL-S-1-5-32-544", "PrincipalType": "Group"}, {"RightName": "WriteDacl", "AceType": "", "IsInherited": false, "PrincipalSID": "ELFU.LOCAL-S-1-5-32-544", "PrincipalType": "Group"}]}],"meta":{"type":"groups","count":54, "version":3}}